What is your age?,Current educational position?,Gender?,Your  current CGPA?,Your Higher Secondary School(H. SC) or A level or equivalent result?,At what age you had started playing games?,Do you play games on mobile or pc?,When you go to sleep?,Do you attend your morning class regularly?,The average time you spend playing games?,Which type of game you addict more?,Do you read newspaper?,Which type of game you played most?,How many time you spend with family and friend?,How you fill when you can not play game in whole day?,How you fill to complete game level?,If you didn't finish games last level what is your feeling?,Do you fill Fatigue?,Do you play games for stress relief?,Are you wearing glasses?
21,Bachelor Level,Male,4,5,10,"Mobile, PC",2:00:00 AM,Yes,4,"FIFA, PES, Valorant",Not regular,Non Paid,3,Bore,Excited,Excited to complete level,No,Yes,Yes
22,Bachelor Level,Male,4,5,11,PC,1:00:00 AM,Yes,1,CALL OF DUTY,Not regular,Paid,15,Positive,Excited,Excited to complete level,Yes,No,No
23,Bachelor Level,Male,3.5,4.5,18,Mobile,3:00:00 AM,Yes,3,GENSHIN IMPACT,Not regular,Non Paid,1,Positive,Excited,Excited to complete level,No,Yes,No
21,Bachelor Level,Male,3.75,4.92,10,Mobile,11:00:00 PM,Yes,1,CR,Not regular,Non Paid,1,Positive,Excited,No feeling,No,No,Yes
21,Bachelor Level,Male,3.5,5,15,"Mobile, PC",1:00:00 AM,Yes,2,"FIFA, PUBG, PES, CALL OF DUTY",Not regular,Non Paid,8,Positive,Excited,Excited to complete level,No,No,Yes
21,Bachelor Level,Male,3,5,11,Mobile,2:02:00 AM,No,5,"FREE FIRE, PES",Not regular,Paid,1,Depressed,Excited,Excited to complete level,No,Yes,No
21,Bachelor Level,Male,3.75,5,12,"Mobile, PC",1:00:00 AM,Yes,3,"FIFA, COC, CALL OF DUTY,",Not regular,Non Paid,5,Upset,Excited,Excited to complete level,No,Yes,Yes
20,Bachelor Level,Male,3.5,5,18,Mobile,12:00:00 AM,Yes,2,FIFA,Not regular,Non Paid,7,Positive,Excited,Excited to complete level,Yes,Yes,No
25,Bachelor Level,Male,2,5,14,Mobile,2:00:00 AM,No,2,FIFA,Not regular,Non Paid,6,Positive,Excited,No feeling,Yes,No,No
22,Bachelor Level,Male,3.5,3.33,16,"Mobile, PC",2:00:00 AM,No,0,PUBG,Not regular,Paid,3,Depressed,Excited,Excited to complete level,Yes,Yes,Yes
22,Bachelor Level,Male,3.5,4.8,16,Mobile,3:25:00 AM,No,3,PES,Regular,Non Paid,2,Depressed,Excited,Excited to complete level,No,Yes,Yes
21,Bachelor Level,Male,3.68,5,15,Mobile,3:30:00 AM,Yes,2,"PUBG, COC, PES, CALL OF DUTY",Not regular,Non Paid,10,Positive,Excited,Stressed,No,Yes,No
23,Bachelor Level,Female,3.99,4.5,18,Mobile,1:00:00 AM,Yes,1,Common,Not regular,Non Paid,4,Depressed,Bored,No feeling,No,Yes,No
23,Bachelor Level,Male,3.93,5,14,Mobile,3:30:00 AM,Yes,5,"PUBG, COC, CALL OF DUTY",Not regular,Non Paid,7,Normal,Excited,Excited to complete level,No,Yes,Yes
22,Bachelor Level,Male,3.8,4,17,"Mobile, PC",2:00:00 AM,Yes,2,CALL OF DUTY,Not regular,Non Paid,2,Positive,Bored,No feeling,Yes,Yes,No
22,Bachelor Level,Male,3.61,4.67,18,Mobile,7:00:00 AM,Yes,2,FIFA,Not regular,Non Paid,3,Angry,Bored,Excited to complete level,No,No,No
22,Bachelor Level,Male,3.2,4.92,16,Mobile,2:00:00 AM,Yes,2,"PUBG, PES",Not regular,Non Paid,3,Positive,Excited,No feeling,Yes,No,No
21,Bachelor Level,Female,3.49,4.17,14,"Mobile, PC",12:00:00 AM,Yes,1,Candy crush,Not regular,Non Paid,2,Positive,Excited,Excited to complete level,Yes,No,No
23,Bachelor Level,Male,2.93,4.71,14,Mobile,1:00:00 AM,Yes,2,"PUBG, Rpg, adventure type game most of",Not regular,Non Paid,2,Not addicted type,Excited,Excited to complete level,No,Yes,No
22,Bachelor Level,Male,3.79,5,12,Mobile,2:00:00 AM,Yes,2,"FIFA, PUBG, FREE FIRE",Not regular,Non Paid,1,Positive,Excited,No feeling,Yes,Yes,No
23,Bachelor Level,Male,2.8,2.92,17,Mobile,12:00:00 AM,Yes,1,PUBG,Not regular,Non Paid,3,Positive,Bored,No feeling,No,Yes,No
20,Bachelor Level,Female,3.5,5,12,Mobile,12:00:00 AM,Yes,2,Candy crush,Not regular,Non Paid,10,Positive,Excited,Excited to complete level,Yes,No,Yes
25,Bachelor Level,Male,3.11,4.67,0,Mobile,1:00:00 AM,Yes,0,No,Not regular,Non Paid,5,Positive,Excited,Excited to complete level,Yes,Yes,No
22,Bachelor Level,Male,3.1,4.17,12,Mobile,12:00:00 AM,Yes,4,"PUBG, COC",Not regular,Paid,0,Positive,Excited,No feeling,No,Yes,Yes
21,Bachelor Level,Female,3,4.67,15,Mobile,12:00:00 AM,Yes,1,"PUBG, ",Not regular,Non Paid,3,Positive,Excited,No feeling,No,Yes,No
21,Bachelor Level,Female,3.7,5,20,Mobile,1:30:00 AM,Yes,1,Candy crush,Not regular,Non Paid,5,Positive,Excited,No feeling,Yes,Yes,Yes
24,Bachelor Level,Male,3.94,4.67,5,"Mobile, PC",12:01:00 AM,Yes,1,"FIFA, PUBG, COC, CALL OF DUTY",Not regular,Non Paid,10,No feelings ,Excited,No feeling,No,Yes,Yes
24,Bachelor Level,Male,2.8,4.2,14,"Mobile, PC",12:01:00 AM,Yes,1,"PES, CALL OF DUTY, GTA V, ",Not regular,Paid,3,Aright ,Excited,Excited to complete level,No,No,No
24,Bachelor Level,Male,3.1,4.08,18,Mobile,11:30:00 PM,Yes,2,Chess,Regular,Non Paid,2,Nothing ,Excited,No feeling,No,Yes,No
22,Bachelor Level,Female,3.9,5,14,Mobile,12:00:00 PM,Yes,1,Cooking fever,Not regular,Non Paid,4,Positive,Excited,No feeling,No,No,No
23,Bachelor Level,Male,3.73,4.08,18,Mobile,2:30:00 AM,Yes,3,FREE FIRE,Not regular,Non Paid,2,Upset,Excited,No feeling,No,Yes,No
22,Bachelor Level,Male,3,4.92,9,"Mobile, PC",3:30:00 AM,Yes,2,"PUBG, FREE FIRE, COC, IGA, CALL OF DUTY",Not regular,Non Paid,12,Positive,Bored,Excited to complete level,No,Yes,No
21,Bachelor Level,Male,3.25,4.92,19,Mobile,12:30:00 PM,Yes,3,PUBG,Not regular,Paid,2,Upset,Excited,Excited to complete level,No,Yes,No
21,Bachelor Level,Male,3.44,5,16,"Mobile, PC",2:00:00 AM,Yes,2,"FIFA, CALL OF DUTY",Not regular,Non Paid,8,Angry,Excited,Excited to complete level,No,Yes,Yes
22,Bachelor Level,Male,3.67,5,19,Mobile,2:00:00 AM,No,1,"FIFA, ",Not regular,Non Paid,0,Positive,Excited,Excited to complete level,Yes,No,No
23,Bachelor Level,Male,3.33,4.5,15,Mobile,12:30:00 AM,Yes,2,"PUBG, CALL OF DUTY",Regular,Non Paid,5,Positive,Excited,Excited to complete level,Yes,Yes,No
23,Bachelor Level,Male,4,5,10,PC,1:00:00 AM,No,3,"CALL OF DUTY, The Walking dead ",Not regular,Non Paid,7,Positive,Excited,Stressed,Yes,Yes,Yes
23,Bachelor Level,Male,4,5,10,PC,1:00:00 AM,No,3,"CALL OF DUTY, The Walking dead ",Not regular,Non Paid,8,Depressed,Excited,Stressed,Yes,Yes,Yes
22,Bachelor Level,Female,3.31,5,0,Mobile,1:00:00 AM,Yes,0,Nothing ,Not regular,Non Paid,2,Nothing ,Excited,No feeling,Yes,No,Yes
21,Bachelor Level,Female,3.89,5,14,Mobile,12:01:00 AM,Yes,1,Ludo,Regular,Non Paid,1,Upset,Excited,No feeling,No,Yes,Yes
23,Bachelor Level,Male,3,4.08,12,Mobile,12:00:00 AM,Yes,2,"PUBG, ",Not regular,Non Paid,3,Positive,Excited,Excited to complete level,Yes,No,No
22,Bachelor Level,Male,3.69,4.92,18,Mobile,8:00:00 AM,Yes,1,FREE FIRE,Not regular,Paid,6,Positive,Excited,Excited to complete level,No,Yes,No
24,Bachelor Level,Male,3.4,4.67,5,Mobile,1:02:00 AM,No,0,FIFA,Not regular,Non Paid,0,Upset,Excited,Excited to complete level,Yes,Yes,Yes
23,Bachelor Level,Male,3.56,5,16,PC,4:30:00 AM,No,4,Valorant ,Not regular,Non Paid,3,Positive,Excited,Excited to complete level,No,Yes,Yes
20,Bachelor Level,Female,3.95,5,15,Mobile,1:00:00 AM,Yes,1,Match three puzzle game,Not regular,Non Paid,6,No feeling ,Excited,No feeling,No,Yes,No
22,Bachelor Level,Male,4,5,15,Mobile,11:30:00 PM,Yes,1,"COC, ",Not regular,Non Paid,2,Upset,Excited,Excited to complete level,Yes,Yes,Yes
24,Master's Level,Male,3.52,4.58,9,"Mobile, PC",12:00:00 AM,Yes,1,"FIFA, PUBG, COC, ACE Fighter",Not regular,Non Paid,14,Not Bad,Excited,No feeling,Yes,Yes,No
18,Bachelor Level,Male,3.54,5,15,"Mobile, PC",1:00:00 PM,Yes,4,"PUBG, PES",Not regular,Non Paid,1,Positive,Excited,Excited to complete level,No,Yes,Yes
22,Bachelor Level,Male,3.7,5,15,PC,1:00:00 AM,Yes,1,FIFA,Not regular,Non Paid,5,Positive,Excited,No feeling,No,Yes,Yes
22,Bachelor Level,Male,3.57,4.75,8,"Mobile, PC",1:00:00 AM,No,2,"FIFA, PUBG, CALL OF DUTY",Not regular,Non Paid,10,Upset,Excited,Excited to complete level,Yes,Yes,No
24,Bachelor Level,Male,3.9,4.5,19,Mobile,11:00:00 AM,Yes,3,Vice city,Not regular,Non Paid,5,Positive,Excited,Excited to complete level,Yes,Yes,Yes
24,Master's Level,Male,3.6,3.17,17,Mobile,11:12:00 PM,Yes,1,CALL OF DUTY,Regular,Non Paid,4,Positive,Bored,Excited to complete level,Yes,No,Yes
21,Bachelor Level,Male,3.1,4.89,7,"Mobile, PC",4:00:00 AM,No,7,"PUBG, PES",Not regular,Non Paid,1,Depressed,Excited,Excited to complete level,No,Yes,No
19,Bachelor Level,Male,3,5,13,Mobile,7:07:00 AM,Yes,5,"FIFA, PUBG, FREE FIRE, COC, PES, CALL OF DUTY, ",Not regular,Non Paid,7,Angry,Excited,Stressed,Yes,Yes,No
21,Bachelor Level,Male,3.48,5,12,Mobile,1:00:00 AM,No,2,COC,Not regular,Non Paid,5,Positive,Excited,Excited to complete level,No,No,Yes
21,Bachelor Level,Male,2.5,5,14,"Mobile, PC",1:00:00 AM,Yes,1,"PUBG, COC, Worm zone",Regular,Non Paid,0,Positive,Excited,No feeling,No,Yes,No
20,Bachelor Level,Male,2.33,5,14,"Mobile, PC",4:00:00 AM,Yes,8,"PUBG, GTA V",Not regular,Non Paid,3,Upset,Excited,Excited to complete level,Yes,Yes,No
22,Bachelor Level,Male,2.93,4.58,14,"Mobile, PC",1:00:00 AM,Yes,4,Mobile legends ,Not regular,Non Paid,1,Calm,Excited,Excited to complete level,No,Yes,No
19,Bachelor Level,Male,3.56,5,12,"Mobile, PC",11:30:00 PM,Yes,3,"FIFA, PUBG, PES",Not regular,Non Paid,8,Positive,Excited,No feeling,No,Yes,No
21,Bachelor Level,Male,2.85,4.75,18,Mobile,12:00:00 AM,Yes,4,PUBG,Not regular,Non Paid,12,Positive,Excited,Excited to complete level,No,Yes,Yes
20,Bachelor Level,Female,2.58,4.91,14,Mobile,1:00:00 AM,No,6,CALL OF DUTY,Not regular,Non Paid,3,Upset,Excited,Stressed,Yes,Yes,No
20,Bachelor Level,Male,3.31,4.44,10,Mobile,1:00:00 AM,Yes,4,PUBG,Not regular,Non Paid,8,Positive,Excited,Excited to complete level,No,No,No
21,Bachelor Level,Male,2.62,3.92,12,"Mobile, PC",4:00:00 AM,No,7,"FIFA, PUBG, FREE FIRE, COC, PES, CALL OF DUTY, GTA V",Not regular,Non Paid,3,Depressed,Excited,Stressed,No,No,No
18,Bachelor Level,Male,2.5,5,12,Mobile,12:01:00 AM,Yes,4,"PUBG, FREE FIRE",Not regular,Non Paid,2,Upset,Bored,Excited to complete level,Yes,Yes,No
20,Bachelor Level,Male,2.65,4.92,16,Mobile,1:00:00 AM,Yes,2,COC,Not regular,Non Paid,10,Positive,Excited,Excited to complete level,Yes,No,No
22,Bachelor Level,Male,3.74,5,14,Mobile,1:00:00 AM,Yes,1,FREE FIRE,Not regular,Non Paid,4,No fillings ,Excited,No feeling,No,Yes,No
23,Bachelor Level,Female,3.57,5,15,"Mobile, PC",12:00:00 PM,Yes,2,Some random games,Not regular,Non Paid,5,Positive,Bored,No feeling,No,Yes,No
22,Master's Level,Male,3.56,3.51,14,"Mobile, PC",11:30:00 PM,Yes,4,"PUBG, FREE FIRE, IGA",Not regular,Paid,13,Positive,Excited,Excited to complete level,Yes,Yes,No
18,Bachelor Level,Male,2.5,5,12,"Mobile, PC",1:00:00 AM,Yes,3,"PUBG, FREE FIRE, COC, ",Not regular,Paid,2,Upset,Excited,Excited to complete level,Yes,No,No
19,Bachelor Level,Male,2.89,4.81,14,Mobile,2:30:00 AM,Yes,1,COC,Not regular,Non Paid,6,Positive,Excited,Excited to complete level,Yes,No,No
22,Bachelor Level,Female,3.8,4.54,17,Mobile,12:00:00 PM,Yes,1,PES,Regular,Non Paid,15,Positive,Excited,Excited to complete level,No,No,Yes
19,Bachelor Level,Male,2.95,5,10,"Mobile, PC",11:00:00 PM,Yes,3,"FIFA, PUBG, COC, PES, CALL OF DUTY",Not regular,Non Paid,10,Positive,Excited,Excited to complete level,No,Yes,No
20,Bachelor Level,Female,3.75,4.58,18,Mobile,12:00:00 PM,Yes,0,Nothing,Regular,Non Paid,1,Positive,Excited,No feeling,Yes,No,Yes
23,Bachelor Level,Female,3,4.3,15,Mobile,12:00:00 AM,Yes,2,Cendy crush,Regular,Non Paid,6,Positive,Bored,No feeling,Yes,No,No
23,Bachelor Level,Male,3.82,4.5,12,"Mobile, PC",11:00:00 PM,Yes,1,"PUBG, COC",Not regular,Non Paid,3,Positive,Bored,No feeling,No,No,No
22,Bachelor Level,Male,3.73,4.69,9,"Mobile, PC",1:00:00 AM,Yes,2,FREE FIRE,Regular,Non Paid,4,Positive,Excited,Excited to complete level,Yes,No,Yes
24,Master's Level,Male,3.3,5,16,"Mobile, PC",5:00:00 AM,No,2,"COC, 29 Card Games",Not regular,Non Paid,0,Nothing,Bored,Stressed,No,No,Yes
21,Bachelor Level,Male,3.45,4.67,7,"Mobile, PC",3:00:00 AM,Yes,2,"FIFA, PUBG, PES",Not regular,Non Paid,5,Positive,Excited,Excited to complete level,Yes,Yes,Yes
22,Bachelor Level,Male,3,5,5,"Mobile, PC",2:00:00 AM,No,2,"COC, PES",Not regular,Non Paid,2,Positive,Excited,Excited to complete level,No,Yes,No
21,Bachelor Level,Male,3,4.5,12,Mobile,12:00:00 AM,Yes,2,PUBG,Not regular,Non Paid,7,Positive,Excited,Excited to complete level,No,No,No
22,Bachelor Level,Male,3.5,4.68,17,Mobile,2:00:00 AM,No,3,PES,Not regular,Non Paid,8,Positive,Excited,Excited to complete level,No,Yes,No
21,Bachelor Level,Male,3.28,4.83,9,Mobile,9:00:00 PM,Yes,3,"FIFA, PUBG, FREE FIRE, COC, PES, CALL OF DUTY",Regular,Non Paid,24,Depressed,Excited,Excited to complete level,No,Yes,No
22,Bachelor Level,Male,3.05,4.06,19,Mobile,12:00:00 PM,Yes,3,Bus driving simulator ,Not regular,Non Paid,1,Positive,Excited,Excited to complete level,Yes,Yes,No
23,Bachelor Level,Female,3.75,5,12,Mobile,12:00:00 AM,Yes,0,Nothing ,Not regular,Non Paid,4,Nothing ,Bored,No feeling,No,No,No
22,Bachelor Level,Male,3.5,5,17,"Mobile, PC",2:00:00 AM,No,5,"PUBG, FREE FIRE",Not regular,Non Paid,2,Upset,Excited,Stressed,Yes,No,Yes
23,Bachelor Level,Male,3.54,4.5,17,PC,3:00:00 AM,Yes,1,FIFA,Regular,Paid,2,Positive,Bored,No feeling,No,Yes,No
26,Master's Level,Male,3.5,4.5,12,"Mobile, PC",4:00:00 AM,Yes,1,"FIFA, PUBG, PES, CALL OF DUTY",Not regular,Non Paid,12,Angry,Excited,Excited to complete level,No,Yes,Yes
27,Master's Level,Male,3.72,4.8,15,"Mobile, PC",1:30:00 AM,Yes,0,Dont play that much,Not regular,Non Paid,5,Positive,Excited,No feeling,Yes,No,Yes
28,Master's Level,Male,3.7,5,6,"Mobile, PC",12:30:00 AM,Yes,2,COC,Not regular,Non Paid,1,Doesn't matter,Excited,No feeling,No,Yes,No
27,Bachelor Level,Male,3.7,4.64,16,"Mobile, PC",1:00:00 AM,Yes,2,"PUBG, COC, IGA",Not regular,Non Paid,15,Upset,Excited,Stressed,No,No,No
23,Bachelor Level,Male,3.22,4.34,10,Mobile,4:04:00 AM,No,3,FIFA,Not regular,Paid,7,Upset,Excited,No feeling,Yes,No,Yes
22,Bachelor Level,Female,3.57,4.25,16,Mobile,11:00:00 PM,Yes,3,Candy crush,Not regular,Non Paid,0,Nothing ,Excited,No feeling,No,Yes,Yes
24,Bachelor Level,Male,3.91,4.58,12,Mobile,1:00:00 AM,Yes,4,"PUBG, COC",Not regular,Non Paid,5,Nothing matter,Excited,Stressed,Yes,Yes,Yes
21,Bachelor Level,Female,3,5,20,Mobile,10:30:00 AM,Yes,1,FIFA,Not regular,Non Paid,7,Positive,Excited,No feeling,No,No,No
24,Bachelor Level,Male,3,4.58,22,Mobile,12:00:00 AM,No,8,PUBG,Not regular,Non Paid,4,Positive,Excited,Excited to complete level,Yes,Yes,No
21,Bachelor Level,Male,3,4.67,16,"Mobile, PC",1:00:00 AM,No,0,"PUBG, CALL OF DUTY",Not regular,Non Paid,4,Angry,Excited,Excited to complete level,No,Yes,No
26,Master's Level,Male,3.6,3.83,15,"Mobile, PC",10:01:00 AM,No,1,Others ,Not regular,Non Paid,4,Positive,Bored,No feeling,Yes,No,No
25,Bachelor Level,Male,3.17,5,18,Mobile,1:00:00 AM,Yes,1,FIFA,Not regular,Non Paid,6,Positive,Excited,Stressed,No,No,No
23,Master's Level,Female,3.63,4.5,20,Mobile,12:30:00 AM,Yes,1,COC,Not regular,Non Paid,2,Depressed,Bored,Stressed,Yes,Yes,No
24,Bachelor Level,Male,3.56,2.61,18,Mobile,12:10:00 PM,Yes,2,FIFA,Not regular,Non Paid,4,Positive,Excited,No feeling,Yes,Yes,No
27,Master's Level,Male,3,4.92,18,PC,1:00:00 AM,Yes,0,"FIFA, ",Not regular,Non Paid,4,Positive,Bored,No feeling,No,No,No
25,Master's Level,Male,3.3,3,20,PC,11:25:00 AM,Yes,1,PUBG,Regular,Non Paid,4,Positive,Excited,Excited to complete level,Yes,Yes,Yes
23,Bachelor Level,Male,3.2,4.6,19,"Mobile, PC",12:00:00 AM,Yes,4,"FIFA, FREE FIRE",Regular,Non Paid,3,Positive,Excited,Stressed,Yes,No,No
24,Bachelor Level,Male,3.4,3.69,17,Mobile,12:00:00 PM,Yes,2,Football Cricket Badminton Handball ,Regular,Non Paid,10,Upset,Excited,Excited to complete level,No,Yes,Yes
25,Bachelor Level,Male,3.18,4.18,12,PC,2:00:00 AM,No,10,"FIFA, CALL OF DUTY, ",Not regular,Non Paid,3,Upset,Excited,Excited to complete level,No,Yes,No
24,Bachelor Level,Male,3.1,4.5,14,"Mobile, PC",4:30:00 AM,No,2,PUBG,Not regular,Non Paid,4,Positive,Excited,No feeling,No,Yes,No
23,Bachelor Level,Male,3.17,3.67,15,Mobile,1:00:00 AM,Yes,3,FREE FIRE,Not regular,Non Paid,5,Positive,Excited,Excited to complete level,Yes,No,No
20,Bachelor Level,Male,3.3,3,18,Mobile,11:30:00 PM,Yes,2,FIFA,Regular,Non Paid,1,Angry,Excited,Stressed,Yes,Yes,Yes
26,Master's Level,Male,2.67,3,17,Mobile,11:15:00 PM,No,1,"FREE FIRE, COC, PES",Regular,Non Paid,1,Upset,Excited,No feeling,Yes,Yes,No
22,Master's Level,Male,3.12,4,16,PC,10:50:00 PM,No,2,"PUBG, COC, PES, IGA, CALL OF DUTY",Regular,Non Paid,6,Depressed,Excited,Excited to complete level,Yes,No,Yes
19,Bachelor Level,Female,3.25,4,15,Mobile,11:00:00 PM,Yes,4,"FIFA, IGA, CALL OF DUTY",Regular,Non Paid,4,Upset,Bored,No feeling,Yes,Yes,Yes
21,Bachelor Level,Female,3.3,3,18,"Mobile, PC",12:50:00 AM,Yes,4,"PUBG, FREE FIRE, COC",Regular,Paid,7,Angry,Bored,No feeling,Yes,Yes,No
22,Bachelor Level,Male,3.45,4.6,19,Mobile,12:00:00 AM,Yes,1,FIFA,Not regular,Non Paid,2,Positive,Excited,No feeling,Yes,No,No
25,Bachelor Level,Male,3,4.88,20,Mobile,3:00:00 AM,Yes,6,PUBG,Not regular,Non Paid,6,Upset,Bored,No feeling,Yes,Yes,No
18,Bachelor Level,Female,3,5,5,"Mobile, PC",11:30:00 PM,Yes,8,"FIFA, PUBG, COC, CALL OF DUTY, ?????",Not regular,Non Paid,24,feel* ???? I feel sleepy. ,Excited,Excited to complete level,No,Yes,No
22,Bachelor Level,Male,3.5,4.5,15,Mobile,2:00:00 AM,Yes,2,FREE FIRE,Not regular,Non Paid,7,Positive,Excited,No feeling,No,No,No
22,Bachelor Level,Female,2.5,4.42,7,Mobile,11:00:00 AM,Yes,1,Candy Crush,Not regular,Non Paid,3,Upset,Excited,Excited to complete level,Yes,No,No
25,Bachelor Level,Male,3.48,3.2,16,"Mobile, PC",1:30:00 AM,Yes,2,PUBG,Not regular,Non Paid,3,Positive,Bored,No feeling,No,Yes,Yes
19,Bachelor Level,Male,3.2,5,8,"Mobile, PC",1:00:00 AM,Yes,7,"FIFA, PUBG, COC, PES, IGA, CALL OF DUTY, Hitman, Assassin's Creed all series,Modern Combat, Disorder,Far Cry, League Of Legends,Need for speed,GTA all series,Froza Horizon,IGI, Valorant, Warzone,CSGO, Standoff, Resident Evil, Halo,Mostofa,every Game I've ever played got me addicted.",Regular,Paid,24,Positive,Excited,No feeling,No,Yes,No
20,Bachelor Level,Male,4.92,4.89,8,"Mobile, PC",12:00:00 PM,Yes,8,"FIFA, PUBG, FREE FIRE, COC, IGA, CALL OF DUTY, Shank,hitman,Gta,mostofa,zupappa",Not regular,Paid,24,Positive,Excited,Excited to complete level,No,Yes,Yes
25,Master's Level,Male,3.62,5,14,Mobile,12:00:00 PM,Yes,1,"FIFA, PES",Regular,Non Paid,8,Positive,Excited,No feeling,No,No,Yes
27,Master's Level,Female,3.88,4.8,17,Mobile,1:00:00 AM,Yes,0,I don? play game now.,Not regular,Non Paid,4,Positive,Excited,Excited to complete level,Yes,Yes,No
24,Bachelor Level,Male,4.7,4.6,22,Mobile,2:03:00 AM,Yes,3,FIFA,Not regular,Non Paid,3,Depressed,Bored,No feeling,Yes,Yes,Yes
22,Master's Level,Male,2.5,4.4,23,Mobile,4:06:00 AM,Yes,5,PUBG,Regular,Paid,2,Depressed,Excited,Stressed,Yes,Yes,No
23,Bachelor Level,Male,3,3,20,Mobile,11:30:00 AM,Yes,6,FIFA,Regular,Non Paid,6,Upset,Excited,Stressed,Yes,Yes,No
22,Bachelor Level,Female,2.65,4.5,19,Mobile,11:00:00 AM,No,5,PUBG,Regular,Paid,1,Angry,Bored,Excited to complete level,Yes,Yes,No
20,Bachelor Level,Female,2.47,3.71,20,PC,10:30:00 AM,No,6,IGA,Regular,Paid,1,Upset,Bored,Stressed,Yes,No,Yes
30,Master's Level,Female,3,3.87,18,PC,12:00:00 PM,Yes,6,FREE FIRE,Regular,Paid,3,Angry,Excited,Stressed,Yes,No,Yes
20,Bachelor Level,Female,2.45,3.4,19,PC,11:00:00 AM,No,3,PES,Not regular,Paid,3,Angry,Excited,Stressed,Yes,Yes,Yes
23,Bachelor Level,Male,3.39,4.46,23,Mobile,11:00:00 AM,No,6,PUBG,Not regular,Paid,3,Upset,Bored,Excited to complete level,No,No,No
20,Bachelor Level,Male,2.49,3.04,16,Mobile,2:00:00 AM,No,6,COC,Regular,Paid,3,Upset,Bored,Stressed,No,No,No
22,Bachelor Level,Male,3.56,3.03,19,Mobile,2:00:00 AM,No,2,PES,Regular,Paid,3,Depressed,Bored,Stressed,Yes,Yes,Yes
28,Master's Level,Male,2.45,4.91,20,PC,11:30:00 AM,No,6,PES,Regular,Paid,3,Upset,Excited,Excited to complete level,No,Yes,No
22,Bachelor Level,Female,3.53,4,19,PC,2:00:00 AM,No,6,PES,Not regular,Paid,3,Angry,Excited,Excited to complete level,No,Yes,No
22,Bachelor Level,Male,3.14,4.82,18,Mobile,10:30:00 AM,Yes,6,IGA,Regular,Paid,1,Upset,Excited,Excited to complete level,No,Yes,No
26,Master's Level,Male,3.76,4.81,19,PC,12:00:00 PM,Yes,5,PUBG,Not regular,Paid,1,Angry,Excited,Excited to complete level,Yes,No,No
21,Bachelor Level,Female,2.42,4,24,Mobile,11:30:00 AM,Yes,6,FREE FIRE,Not regular,Paid,2,Positive,Excited,Stressed,No,Yes,Yes
28,Master's Level,Male,3.51,4.83,21,PC,12:30:00 PM,No,3,FIFA,Regular,Paid,1,Positive,Bored,Excited to complete level,Yes,No,Yes
20,Bachelor Level,Female,3.8,4.01,17,Mobile,1:00:00 AM,Yes,6,PES,Not regular,Paid,3,Positive,Excited,Excited to complete level,No,Yes,Yes
25,Bachelor Level,Female,3.47,4,21,Mobile,11:30:00 AM,No,2,PES,Regular,Paid,3,Positive,Excited,Stressed,No,Yes,Yes
29,Master's Level,Male,2.86,3.83,22,PC,1:00:00 AM,Yes,5,COC,Regular,Paid,2,Depressed,Excited,No feeling,No,Yes,No
28,Master's Level,Female,3.61,4.41,16,Mobile,1:30:00 AM,No,3,PES,Not regular,Paid,1,Positive,Excited,No feeling,Yes,Yes,Yes
27,Master's Level,Female,3.19,4.53,18,PC,11:00:00 AM,Yes,6,PES,Not regular,Paid,2,Angry,Bored,Excited to complete level,Yes,No,No
22,Bachelor Level,Female,3.1,3.98,22,PC,10:30:00 AM,Yes,2,PUBG,Regular,Paid,2,Angry,Bored,Stressed,No,No,Yes
29,Master's Level,Female,3.86,4,24,Mobile,1:00:00 AM,No,2,IGA,Not regular,Paid,1,Angry,Bored,Excited to complete level,Yes,Yes,Yes
21,Bachelor Level,Male,2.36,4,23,Mobile,1:30:00 AM,Yes,3,IGA,Regular,Paid,2,Upset,Bored,Excited to complete level,Yes,No,Yes
29,Master's Level,Female,3.3,4.51,22,PC,10:30:00 AM,Yes,6,FREE FIRE,Not regular,Paid,3,Upset,Bored,No feeling,No,Yes,Yes
21,Bachelor Level,Male,3.71,3.33,21,PC,10:30:00 AM,No,6,PES,Regular,Paid,3,Angry,Excited,Stressed,Yes,No,Yes
29,Master's Level,Female,3.04,4.55,20,PC,11:30:00 AM,Yes,4,IGA,Not regular,Paid,2,Angry,Excited,Excited to complete level,Yes,Yes,No
28,Master's Level,Female,3.11,4.36,18,PC,1:00:00 AM,Yes,5,PUBG,Not regular,Paid,2,Depressed,Bored,Excited to complete level,No,No,Yes
25,Bachelor Level,Male,2.69,3.68,16,PC,12:30:00 PM,Yes,3,FREE FIRE,Not regular,Paid,1,Angry,Bored,Stressed,Yes,No,No
20,Bachelor Level,Female,3.94,4.25,18,PC,11:30:00 AM,Yes,3,PUBG,Not regular,Paid,2,Positive,Bored,Excited to complete level,No,Yes,No
30,Master's Level,Male,3.24,4.60 ,17,PC,12:30:00 PM,No,2,PUBG,Regular,Paid,2,Upset,Excited,No feeling,Yes,No,Yes
28,Master's Level,Male,3.28,4.81,17,PC,12:30:00 PM,Yes,6,IGA,Not regular,Paid,3,Angry,Bored,Stressed,No,Yes,Yes
20,Bachelor Level,Male,3.91,5,20,Mobile,12:00:00 PM,Yes,4,PES,Not regular,Paid,2,Positive,Bored,No feeling,Yes,Yes,Yes
21,Bachelor Level,Female,2.68,3.76,23,Mobile,11:30:00 AM,No,3,FREE FIRE,Not regular,Paid,2,Upset,Bored,Excited to complete level,Yes,Yes,Yes
24,Bachelor Level,Female,4,3,22,Mobile,12:30:00 PM,Yes,3,PUBG,Regular,Paid,3,Angry,Excited,Stressed,Yes,No,Yes
24,Bachelor Level,Female,3.02,3.11,18,PC,12:00:00 PM,Yes,4,IGA,Not regular,Paid,1,Upset,Excited,Stressed,Yes,Yes,Yes
23,Bachelor Level,Female,3.85,3.95,18,PC,1:30:00 AM,No,4,FREE FIRE,Regular,Paid,2,Angry,Bored,Excited to complete level,Yes,No,Yes
30,Master's Level,Male,3.85,3.34,17,PC,12:30:00 PM,No,3,CALL OF DUTY,Regular,Paid,2,Depressed,Bored,No feeling,No,No,No
27,Master's Level,Male,3.58,4.81,24,PC,1:00:00 AM,No,4,PES,Regular,Paid,2,Upset,Bored,Excited to complete level,Yes,Yes,No
21,Bachelor Level,Male,3.54,4.51,16,Mobile,11:30:00 AM,No,6,FIFA,Not regular,Paid,3,Angry,Excited,Excited to complete level,No,Yes,No
24,Bachelor Level,Male,2.94,4.9,20,Mobile,10:30:00 AM,No,5,FREE FIRE,Regular,Paid,1,Upset,Excited,Stressed,Yes,Yes,No
26,Master's Level,Female,2.34,4.51,23,PC,11:30:00 AM,No,4,COC,Regular,Paid,3,Positive,Excited,No feeling,No,Yes,Yes
28,Master's Level,Female,2.7,4,22,PC,10:30:00 AM,No,4,PUBG,Regular,Paid,3,Depressed,Bored,Excited to complete level,No,Yes,Yes
30,Master's Level,Male,3.87,4.2,20,PC,2:00:00 AM,Yes,4,COC,Not regular,Paid,2,Upset,Bored,No feeling,No,Yes,No
23,Bachelor Level,Female,3.08,3.51,23,Mobile,10:30:00 AM,No,5,PES,Regular,Paid,3,Positive,Bored,Excited to complete level,No,No,Yes
30,Master's Level,Female,3.84,4.83,18,Mobile,10:30:00 AM,No,4,COC,Not regular,Paid,2,Upset,Bored,Excited to complete level,No,Yes,No
27,Master's Level,Male,3.09,4,19,Mobile,2:00:00 AM,No,6,PES,Not regular,Paid,1,Depressed,Bored,No feeling,Yes,No,No
20,Bachelor Level,Female,3.06,4.5,24,Mobile,11:00:00 AM,Yes,2,FREE FIRE,Not regular,Paid,3,Depressed,Excited,Stressed,Yes,No,No
25,Bachelor Level,Male,3.33,4.5,23,Mobile,1:30:00 AM,Yes,3,PUBG,Not regular,Paid,1,Angry,Excited,Excited to complete level,Yes,Yes,Yes
22,Bachelor Level,Female,2.99,4.81,17,PC,11:00:00 AM,Yes,6,FREE FIRE,Regular,Paid,1,Upset,Bored,Stressed,No,No,Yes
21,Bachelor Level,Male,3.78,4.1,24,Mobile,12:30:00 PM,Yes,6,PUBG,Regular,Paid,2,Positive,Excited,Excited to complete level,No,No,No
21,Bachelor Level,Female,2.72,5,16,PC,1:00:00 AM,Yes,2,FIFA,Regular,Paid,2,Upset,Excited,No feeling,Yes,Yes,No
29,Master's Level,Female,3.17,3.69,20,Mobile,12:30:00 PM,No,3,FREE FIRE,Regular,Paid,1,Depressed,Excited,Excited to complete level,No,No,No
27,Master's Level,Male,3.57,4.52,17,Mobile,10:30:00 AM,Yes,2,CALL OF DUTY,Regular,Paid,1,Angry,Bored,Excited to complete level,No,No,No
25,Bachelor Level,Female,4,4.41,22,PC,11:00:00 AM,Yes,5,IGA,Not regular,Paid,1,Positive,Bored,No feeling,Yes,No,No
26,Master's Level,Female,2.68,4.49,23,PC,10:30:00 AM,No,3,FREE FIRE,Regular,Paid,2,Depressed,Bored,Excited to complete level,No,Yes,No
24,Bachelor Level,Female,2.84,4.45,18,Mobile,1:30:00 AM,No,4,CALL OF DUTY,Regular,Paid,2,Upset,Bored,Excited to complete level,Yes,Yes,Yes
30,Master's Level,Female,3.21,3.77,16,Mobile,12:00:00 PM,Yes,4,COC,Regular,Paid,2,Upset,Bored,No feeling,Yes,No,Yes
25,Bachelor Level,Male,2.94,4.53,17,PC,11:00:00 AM,Yes,6,IGA,Regular,Paid,1,Angry,Bored,Excited to complete level,No,No,Yes
23,Bachelor Level,Male,3.46,3.62,21,PC,2:00:00 AM,Yes,6,FREE FIRE,Regular,Paid,1,Angry,Bored,No feeling,No,No,Yes
21,Bachelor Level,Male,3.34,4,22,PC,1:30:00 AM,No,3,CALL OF DUTY,Not regular,Paid,3,Depressed,Bored,Stressed,Yes,No,Yes
23,Bachelor Level,Male,2.9,3.33,20,PC,1:30:00 AM,No,4,COC,Not regular,Paid,2,Depressed,Bored,Stressed,Yes,Yes,Yes
20,Bachelor Level,Male,2.32,4.2,20,Mobile,1:30:00 AM,Yes,3,FIFA,Not regular,Paid,1,Angry,Excited,Stressed,Yes,Yes,No
22,Bachelor Level,Female,3.5,3.52,22,PC,1:00:00 AM,No,5,FREE FIRE,Regular,Paid,3,Upset,Bored,Excited to complete level,Yes,No,Yes
21,Bachelor Level,Male,2.83,4.6,19,PC,10:30:00 AM,No,3,PES,Regular,Paid,3,Angry,Bored,Stressed,No,No,No
26,Master's Level,Female,2.62,3.29,22,PC,1:00:00 AM,No,5,CALL OF DUTY,Not regular,Paid,2,Upset,Excited,No feeling,Yes,No,No
30,Master's Level,Female,2.74,3.81,24,PC,2:00:00 AM,Yes,5,CALL OF DUTY,Not regular,Paid,1,Positive,Bored,Excited to complete level,Yes,Yes,Yes
29,Master's Level,Female,3.28,4.79,20,Mobile,10:30:00 AM,Yes,3,COC,Regular,Paid,2,Positive,Excited,Excited to complete level,Yes,No,Yes
27,Master's Level,Female,2.73,4.33,16,PC,11:00:00 AM,No,5,PES,Not regular,Paid,3,Positive,Excited,Stressed,Yes,Yes,No
21,Bachelor Level,Female,3.52,4.82,23,PC,2:00:00 AM,No,6,FREE FIRE,Not regular,Paid,3,Upset,Bored,Stressed,Yes,Yes,Yes
28,Master's Level,Male,3.79,3.87,16,Mobile,11:00:00 AM,No,4,CALL OF DUTY,Not regular,Paid,3,Angry,Excited,No feeling,No,Yes,Yes
20,Bachelor Level,Female,3.73,4.85,18,Mobile,11:30:00 AM,Yes,3,FIFA,Not regular,Paid,2,Upset,Bored,Excited to complete level,No,Yes,Yes
29,Master's Level,Female,3.48,3.03,21,Mobile,2:00:00 AM,Yes,3,CALL OF DUTY,Not regular,Paid,2,Upset,Excited,No feeling,Yes,Yes,No
30,Master's Level,Male,3.53,3.04,18,PC,10:30:00 AM,No,2,PUBG,Regular,Paid,3,Upset,Bored,Excited to complete level,No,Yes,Yes
21,Bachelor Level,Male,2.95,3.14,16,PC,11:30:00 AM,Yes,2,PES,Regular,Paid,3,Positive,Bored,Stressed,Yes,No,Yes
27,Master's Level,Female,3.68,4.99,18,Mobile,11:00:00 AM,Yes,6,FREE FIRE,Not regular,Paid,1,Upset,Excited,Stressed,No,No,Yes
30,Master's Level,Female,3.99,5,20,Mobile,1:00:00 AM,Yes,3,COC,Not regular,Paid,1,Positive,Bored,Excited to complete level,Yes,No,Yes
27,Master's Level,Male,3.2,4.2,21,PC,12:30:00 PM,No,3,PUBG,Not regular,Paid,3,Angry,Bored,Stressed,No,Yes,Yes
20,Bachelor Level,Female,2.47,3.71,20,PC,10:30:00 AM,No,6,IGA,Regular,Paid,1,Upset,Bored,Stressed,Yes,No,Yes
30,Master's Level,Female,3,3.87,18,PC,12:00:00 PM,Yes,6,FREE FIRE,Regular,Paid,3,Angry,Excited,Stressed,Yes,No,Yes
20,Bachelor Level,Female,2.45,3.4,19,PC,11:00:00 AM,No,3,PES,Not regular,Paid,3,Angry,Excited,Stressed,Yes,Yes,Yes
23,Bachelor Level,Male,3.39,4.46,23,Mobile,11:00:00 AM,No,6,PUBG,Not regular,Paid,3,Upset,Bored,Excited to complete level,No,No,No
20,Bachelor Level,Male,2.49,3.04,16,Mobile,2:00:00 AM,No,6,COC,Regular,Paid,3,Upset,Bored,Stressed,No,No,No
22,Bachelor Level,Male,3.56,3.03,19,Mobile,2:00:00 AM,No,2,PES,Regular,Paid,3,Depressed,Bored,Stressed,Yes,Yes,Yes
28,Master's Level,Male,2.45,4.91,20,PC,11:30:00 AM,No,6,PES,Regular,Paid,3,Upset,Excited,Excited to complete level,No,Yes,No
22,Bachelor Level,Female,3.53,4.73,19,PC,2:00:00 AM,No,6,PES,Not regular,Paid,3,Angry,Excited,Excited to complete level,No,Yes,No
22,Bachelor Level,Male,3.14,4.21,18,Mobile,10:30:00 AM,Yes,6,IGA,Regular,Paid,1,Upset,Excited,Excited to complete level,No,Yes,No
26,Master's Level,Male,3.76,4.28,19,PC,12:00:00 PM,Yes,5,PUBG,Not regular,Paid,1,Angry,Excited,Excited to complete level,Yes,No,No
21,Bachelor Level,Female,2.42,4.98,24,Mobile,11:30:00 AM,Yes,6,FREE FIRE,Not regular,Paid,2,Positive,Excited,Stressed,No,Yes,Yes
28,Master's Level,Male,3.51,4.83,21,PC,12:30:00 PM,No,3,FIFA,Regular,Paid,1,Positive,Bored,Excited to complete level,Yes,No,Yes
20,Bachelor Level,Female,3.8,4,17,Mobile,1:00:00 AM,Yes,6,PES,Not regular,Paid,3,Positive,Excited,Excited to complete level,No,Yes,Yes
25,Bachelor Level,Female,3.47,4.23,21,Mobile,11:30:00 AM,No,2,PES,Regular,Paid,3,Positive,Excited,Stressed,No,Yes,Yes
29,Master's Level,Male,2.86,3.43,22,PC,1:00:00 AM,Yes,5,COC,Regular,Paid,2,Depressed,Excited,No feeling,No,Yes,No
28,Master's Level,Female,3.61,4.41,16,Mobile,1:30:00 AM,No,3,PES,Not regular,Paid,1,Positive,Excited,No feeling,Yes,Yes,Yes
27,Master's Level,Female,3.19,4.53,18,PC,11:00:00 AM,Yes,6,PES,Not regular,Paid,2,Angry,Bored,Excited to complete level,Yes,No,No
22,Bachelor Level,Female,3.1,3.98,22,PC,10:30:00 AM,Yes,2,PUBG,Regular,Paid,2,Angry,Bored,Stressed,No,No,Yes
29,Master's Level,Female,3.86,4,24,Mobile,1:00:00 AM,No,2,IGA,Not regular,Paid,1,Angry,Bored,Excited to complete level,Yes,Yes,Yes
21,Bachelor Level,Male,2.36,4.62,23,Mobile,1:30:00 AM,Yes,3,IGA,Regular,Paid,2,Upset,Bored,Excited to complete level,Yes,No,Yes
29,Master's Level,Female,3.3,4.51,22,PC,10:30:00 AM,Yes,6,FREE FIRE,Not regular,Paid,3,Upset,Bored,No feeling,No,Yes,Yes
21,Bachelor Level,Male,3.71,3.33,21,PC,10:30:00 AM,No,6,PES,Regular,Paid,3,Angry,Excited,Stressed,Yes,No,Yes
29,Master's Level,Female,3.04,4.55,20,PC,11:30:00 AM,Yes,4,IGA,Not regular,Paid,2,Angry,Excited,Excited to complete level,Yes,Yes,No
28,Master's Level,Female,3.11,4.36,18,PC,1:00:00 AM,Yes,5,PUBG,Not regular,Paid,2,Depressed,Bored,Excited to complete level,No,No,Yes
25,Bachelor Level,Male,2.69,3.68,16,PC,12:30:00 PM,Yes,3,FREE FIRE,Not regular,Paid,1,Angry,Bored,Stressed,Yes,No,No
20,Bachelor Level,Female,3.94,4.25,18,PC,11:30:00 AM,Yes,3,PUBG,Not regular,Paid,2,Positive,Bored,Excited to complete level,No,Yes,No
30,Master's Level,Male,3.24,4,17,PC,12:30:00 PM,No,2,PUBG,Regular,Paid,2,Upset,Excited,No feeling,Yes,No,Yes
28,Master's Level,Male,3.28,5,17,PC,12:30:00 PM,Yes,6,IGA,Not regular,Paid,3,Angry,Bored,Stressed,No,Yes,Yes
20,Bachelor Level,Male,3.91,4.2,20,Mobile,12:00:00 PM,Yes,4,PES,Not regular,Paid,2,Positive,Bored,No feeling,Yes,Yes,Yes
21,Bachelor Level,Female,2.68,3.76,23,Mobile,11:30:00 AM,No,3,FREE FIRE,Not regular,Paid,2,Upset,Bored,Excited to complete level,Yes,Yes,Yes
24,Bachelor Level,Female,4,3,22,Mobile,12:30:00 PM,Yes,3,PUBG,Regular,Paid,3,Angry,Excited,Stressed,Yes,No,Yes
24,Bachelor Level,Female,3.02,3.11,18,PC,12:00:00 PM,Yes,4,IGA,Not regular,Paid,1,Upset,Excited,Stressed,Yes,Yes,Yes
23,Bachelor Level,Female,3.85,3.95,18,PC,1:30:00 AM,No,4,FREE FIRE,Regular,Paid,2,Angry,Bored,Excited to complete level,Yes,No,Yes
30,Master's Level,Male,3.85,3.34,17,PC,12:30:00 PM,No,3,CALL OF DUTY,Regular,Paid,2,Depressed,Bored,No feeling,No,No,No
27,Master's Level,Male,3.58,4.5,24,PC,1:00:00 AM,No,4,PES,Regular,Paid,2,Upset,Bored,Excited to complete level,Yes,Yes,No
21,Bachelor Level,Male,3.54,4.51,16,Mobile,11:30:00 AM,No,6,FIFA,Not regular,Paid,3,Angry,Excited,Excited to complete level,No,Yes,No
24,Bachelor Level,Male,2.94,4,20,Mobile,10:30:00 AM,No,5,FREE FIRE,Regular,Paid,1,Upset,Excited,Stressed,Yes,Yes,No
26,Master's Level,Female,2.34,4.51,23,PC,11:30:00 AM,No,4,COC,Regular,Paid,3,Positive,Excited,No feeling,No,Yes,Yes
28,Master's Level,Female,2.7,5,22,PC,10:30:00 AM,No,4,PUBG,Regular,Paid,3,Depressed,Bored,Excited to complete level,No,Yes,Yes
30,Master's Level,Male,3.87,4.5,20,PC,2:00:00 AM,Yes,4,COC,Not regular,Paid,2,Upset,Bored,No feeling,No,Yes,No
23,Bachelor Level,Female,3.08,3.51,23,Mobile,10:30:00 AM,No,5,PES,Regular,Paid,3,Positive,Bored,Excited to complete level,No,No,Yes
30,Master's Level,Female,3.84,4.83,18,Mobile,10:30:00 AM,No,4,COC,Not regular,Paid,2,Upset,Bored,Excited to complete level,No,Yes,No
27,Master's Level,Male,3.09,4.6,19,Mobile,2:00:00 AM,No,6,PES,Not regular,Paid,1,Depressed,Bored,No feeling,Yes,No,No
20,Bachelor Level,Female,3.06,4.8,24,Mobile,11:00:00 AM,Yes,2,FREE FIRE,Not regular,Paid,3,Depressed,Excited,Stressed,Yes,No,No
25,Bachelor Level,Male,3.33,4.5,23,Mobile,1:30:00 AM,Yes,3,PUBG,Not regular,Paid,1,Angry,Excited,Excited to complete level,Yes,Yes,Yes
22,Bachelor Level,Female,2.99,4.81,17,PC,11:00:00 AM,Yes,6,FREE FIRE,Regular,Paid,1,Upset,Bored,Stressed,No,No,Yes
21,Bachelor Level,Male,3.78,4.9,24,Mobile,12:30:00 PM,Yes,6,PUBG,Regular,Paid,2,Positive,Excited,Excited to complete level,No,No,No
21,Bachelor Level,Female,2.72,5,16,PC,1:00:00 AM,Yes,2,FIFA,Regular,Paid,2,Upset,Excited,No feeling,Yes,Yes,No
29,Master's Level,Female,3.17,3.69,20,Mobile,12:30:00 PM,No,3,FREE FIRE,Regular,Paid,1,Depressed,Excited,Excited to complete level,No,No,No
27,Master's Level,Male,3.57,4.52,17,Mobile,10:30:00 AM,Yes,2,CALL OF DUTY,Regular,Paid,1,Angry,Bored,Excited to complete level,No,No,No
25,Bachelor Level,Female,4,4.5,22,PC,11:00:00 AM,Yes,5,IGA,Not regular,Paid,1,Positive,Bored,No feeling,Yes,No,No
26,Master's Level,Female,2.68,4.49,23,PC,10:30:00 AM,No,3,FREE FIRE,Regular,Paid,2,Depressed,Bored,Excited to complete level,No,Yes,No
24,Bachelor Level,Female,2.84,4,18,Mobile,1:30:00 AM,No,4,CALL OF DUTY,Regular,Paid,2,Upset,Bored,Excited to complete level,Yes,Yes,Yes
30,Master's Level,Female,3.21,3.77,16,Mobile,12:00:00 PM,Yes,4,COC,Regular,Paid,2,Upset,Bored,No feeling,Yes,No,Yes
25,Bachelor Level,Male,2.94,4.53,17,PC,11:00:00 AM,Yes,6,IGA,Regular,Paid,1,Angry,Bored,Excited to complete level,No,No,Yes
23,Bachelor Level,Male,3.46,3.62,21,PC,2:00:00 AM,Yes,6,FREE FIRE,Regular,Paid,1,Angry,Bored,No feeling,No,No,Yes
21,Bachelor Level,Male,3.34,4.5,22,PC,1:30:00 AM,No,3,CALL OF DUTY,Not regular,Paid,3,Depressed,Bored,Stressed,Yes,No,Yes
23,Bachelor Level,Male,2.9,3.33,20,PC,1:30:00 AM,No,4,COC,Not regular,Paid,2,Depressed,Bored,Stressed,Yes,Yes,Yes
20,Bachelor Level,Male,2.32,4.6,20,Mobile,1:30:00 AM,Yes,3,FIFA,Not regular,Paid,1,Angry,Excited,Stressed,Yes,Yes,No
22,Bachelor Level,Female,3.5,3.52,22,PC,1:00:00 AM,No,5,FREE FIRE,Regular,Paid,3,Upset,Bored,Excited to complete level,Yes,No,Yes
21,Bachelor Level,Male,2.83,5,19,PC,10:30:00 AM,No,3,PES,Regular,Paid,3,Angry,Bored,Stressed,No,No,No
26,Master's Level,Female,2.62,3.29,22,PC,1:00:00 AM,No,5,CALL OF DUTY,Not regular,Paid,2,Upset,Excited,No feeling,Yes,No,No
30,Master's Level,Female,2.74,3.81,24,PC,2:00:00 AM,Yes,5,CALL OF DUTY,Not regular,Paid,1,Positive,Bored,Excited to complete level,Yes,Yes,Yes
29,Master's Level,Female,3.28,4.79,20,Mobile,10:30:00 AM,Yes,3,COC,Regular,Paid,2,Positive,Excited,Excited to complete level,Yes,No,Yes
27,Master's Level,Female,2.73,4.33,16,PC,11:00:00 AM,No,5,PES,Not regular,Paid,3,Positive,Excited,Stressed,Yes,Yes,No
21,Bachelor Level,Female,3.52,4.82,23,PC,2:00:00 AM,No,6,FREE FIRE,Not regular,Paid,3,Upset,Bored,Stressed,Yes,Yes,Yes
28,Master's Level,Male,3.79,3.87,16,Mobile,11:00:00 AM,No,4,CALL OF DUTY,Not regular,Paid,3,Angry,Excited,No feeling,No,Yes,Yes
20,Bachelor Level,Female,3.73,4.85,18,Mobile,11:30:00 AM,Yes,3,FIFA,Not regular,Paid,2,Upset,Bored,Excited to complete level,No,Yes,Yes
29,Master's Level,Female,3.48,3.03,21,Mobile,2:00:00 AM,Yes,3,CALL OF DUTY,Not regular,Paid,2,Upset,Excited,No feeling,Yes,Yes,No
30,Master's Level,Male,3.53,3.04,18,PC,10:30:00 AM,No,2,PUBG,Regular,Paid,3,Upset,Bored,Excited to complete level,No,Yes,Yes
21,Bachelor Level,Male,2.95,3.14,16,PC,11:30:00 AM,Yes,2,PES,Regular,Paid,3,Positive,Bored,Stressed,Yes,No,Yes
27,Master's Level,Female,3.68,4.99,18,Mobile,11:00:00 AM,Yes,6,FREE FIRE,Not regular,Paid,1,Upset,Excited,Stressed,No,No,Yes
30,Master's Level,Female,3.99,3.5,20,Mobile,1:00:00 AM,Yes,3,COC,Not regular,Paid,1,Positive,Bored,Excited to complete level,Yes,No,Yes
27,Master's Level,Male,3.2,5,21,PC,12:30:00 PM,No,3,PUBG,Not regular,Paid,3,Angry,Bored,Stressed,No,Yes,Yes
21,Bachelor Level,Male,3,4,15,Mobile,2:00:00 AM,No,2,PES,Not regular,Non Paid,5,Positive,Excited,Excited to complete level,Yes,Yes,No
21,Bachelor Level,Male,3.9,5,16,Mobile,12:00:00 AM,Yes,3,"FIFA, COC, CALL OF DUTY",Not regular,Non Paid,6,Nothing special ,Excited,No feeling,Yes,No,No
20,Bachelor Level,Male,3.5,5,5,Mobile,12:08:00 PM,Yes,3,"COC, ",Not regular,Non Paid,10,Positive,Excited,Excited to complete level,Yes,Yes,Yes
19,Bachelor Level,Female,3.75,5,14,"Mobile, PC",2:00:00 AM,Yes,3,RGB,Not regular,Non Paid,6,I don't feel anything ,Excited,Excited to complete level,No,Yes,Yes
21,Bachelor Level,Male,5,5,12,Mobile,11:00:00 PM,Yes,1,CALL OF DUTY,Not regular,Non Paid,10,Positive,Excited,No feeling,No,No,No
22,Bachelor Level,Female,4,3.8,19,PC,11:00:00 AM,Yes,4,FREE FIRE,Not regular,Non Paid,2,Angry,Bored,Excited to complete level,Yes,No,No
26,Master's Level,Female,3,3.6,22,Mobile,1:00:00 AM,No,2,FREE FIRE,Not regular,Paid,2,Depressed,Excited,Stressed,Yes,No,Yes
22,Bachelor Level,Female,3,4,3,PC,11:30:00 AM,Yes,3,PES,Not regular,Non Paid,3,Upset,Excited,No feeling,Yes,Yes,No
27,Master's Level,Male,3.5,5,20,Mobile,2:00:00 AM,Yes,4,IGA,Regular,Paid,4,Depressed,Excited,Excited to complete level,Yes,Yes,No
22,Bachelor Level,Male,3,4,20,PC,12:00:00 PM,Yes,3,COC,Regular,Paid,2,Angry,Bored,No feeling,Yes,Yes,Yes
26,Master's Level,Female,3.3,4.58,22,PC,1:30:00 AM,Yes,3,PUBG,Not regular,Non Paid,2,Positive,Excited,Stressed,Yes,Yes,Yes
25,Bachelor Level,Male,3.8,5,22,PC,12:00:00 PM,No,2,FIFA,Regular,Paid,2,Angry,Excited,Excited to complete level,Yes,Yes,Yes
24,Bachelor Level,Male,3,4.63,20,Mobile,12:30:00 PM,Yes,2,PUBG,Regular,Paid,2,Depressed,Bored,Stressed,Yes,Yes,Yes
26,Master's Level,Female,3,4,22,Mobile,2:00:00 AM,Yes,2,PUBG,Regular,Paid,2,Depressed,Excited,Excited to complete level,Yes,Yes,Yes
24,Bachelor Level,Male,3,4.59,22,Mobile,1:30:00 AM,Yes,3,COC,Regular,Paid,3,Upset,Bored,Stressed,Yes,Yes,Yes
26,Master's Level,Female,4,3,22,Mobile,1:00:00 AM,Yes,2,COC,Not regular,Non Paid,1,Angry,Excited,Excited to complete level,Yes,Yes,Yes
25,Master's Level,Female,3.3,3.37,21,PC,2:30:00 AM,No,3,FIFA,Not regular,Paid,3,Positive,Bored,Stressed,Yes,No,Yes
24,Bachelor Level,Female,3.25,4,19,PC,12:30:00 PM,Yes,6,PUBG,Regular,Non Paid,2,Upset,Bored,Excited to complete level,No,Yes,Yes
27,Master's Level,Female,4,5,22,Mobile,11:30:00 AM,No,5,CALL OF DUTY,Regular,Non Paid,3,Depressed,Excited,Stressed,No,No,No
18,Bachelor Level,Male,4,4.73,19,PC,10:30:00 AM,No,3,FIFA,Not regular,Paid,2,Depressed,Excited,Excited to complete level,No,No,Yes
18,Bachelor Level,Female,2.53,3.03,18,PC,2:30:00 AM,No,4,PES,Regular,Paid,2,Upset,Bored,No feeling,Yes,No,Yes
22,Bachelor Level,Female,3.19,4.29,18,PC,1:30:00 AM,No,4,IGA,Not regular,Non Paid,2,Upset,Bored,No feeling,No,Yes,No
19,Bachelor Level,Male,4.18,4.5,18,PC,11:30:00 AM,Yes,4,PUBG,Regular,Paid,4,Depressed,Bored,Excited to complete level,No,Yes,No
27,Master's Level,Male,4,2.33,24,Mobile,11:30:00 AM,No,4,PES,Not regular,Non Paid,4,Depressed,Excited,No feeling,No,No,Yes
24,Bachelor Level,Female,3,4,18,Mobile,11:30:00 AM,Yes,4,PUBG,Not regular,Non Paid,4,Depressed,Excited,Excited to complete level,No,No,No
24,Bachelor Level,Female,4,4.04,20,Mobile,10:30:00 AM,No,5,CALL OF DUTY,Not regular,Paid,3,Upset,Excited,Excited to complete level,Yes,Yes,No
18,Bachelor Level,Male,2.75,4.33,19,PC,1:30:00 AM,Yes,6,CALL OF DUTY,Not regular,Non Paid,3,Depressed,Bored,Excited to complete level,Yes,Yes,No
19,Bachelor Level,Female,3,4.83,20,PC,10:30:00 AM,No,6,PES,Regular,Paid,4,Depressed,Bored,No feeling,Yes,Yes,Yes
27,Master's Level,Male,2.98,4,22,PC,12:30:00 PM,Yes,2,FIFA,Not regular,Paid,2,Depressed,Bored,Stressed,Yes,Yes,Yes
24,Bachelor Level,Female,3.25,4.43,19,Mobile,11:30:00 AM,Yes,4,CALL OF DUTY,Regular,Non Paid,4,Depressed,Bored,No feeling,Yes,No,No
26,Master's Level,Female,3.96,5.00 ,22,PC,1:30:00 AM,No,2,IGA,Not regular,Paid,4,Depressed,Excited,Stressed,Yes,No,No
21,Bachelor Level,Male,3,4.55,19,Mobile,11:30:00 AM,No,3,FREE FIRE,Regular,Paid,2,Positive,Bored,No feeling,No,No,Yes
26,Master's Level,Female,2.5,3,21,Mobile,10:30:00 AM,No,3,CALL OF DUTY,Regular,Paid,2,Depressed,Bored,No feeling,No,No,No
19,Bachelor Level,Male,3,4,19,Mobile,10:30:00 AM,Yes,5,PES,Regular,Non Paid,2,Angry,Excited,No feeling,No,Yes,Yes
26,Master's Level,Male,3,3.18,22,Mobile,1:30:00 AM,Yes,3,IGA,Not regular,Paid,3,Positive,Bored,Stressed,Yes,Yes,No
27,Master's Level,Male,3.50 ,4.5,21,Mobile,1:30:00 AM,No,5,COC,Regular,Paid,2,Positive,Bored,No feeling,No,Yes,No
27,Master's Level,Male,2.76,4.75,20,Mobile,10:30:00 AM,No,6,IGA,Regular,Non Paid,3,Angry,Bored,Excited to complete level,Yes,No,No
18,Bachelor Level,Female,4,4.22,20,PC,1:30:00 AM,No,2,CALL OF DUTY,Regular,Paid,2,Positive,Bored,Excited to complete level,No,Yes,No
19,Bachelor Level,Female,3.19,2,19,Mobile,11:30:00 AM,Yes,5,FIFA,Regular,Non Paid,3,Depressed,Bored,No feeling,No,No,Yes
20,Bachelor Level,Female,3.04,4,20,Mobile,1:30:00 AM,No,3,FIFA,Not regular,Non Paid,3,Angry,Excited,Stressed,No,Yes,No
22,Bachelor Level,Female,5,4,21,PC,12:30:00 PM,No,2,PUBG,Not regular,Non Paid,3,Positive,Bored,Stressed,Yes,Yes,Yes
18,Bachelor Level,Male,3,4.5,21,PC,2:30:00 AM,Yes,3,PUBG,Not regular,Non Paid,4,Depressed,Excited,No feeling,No,Yes,Yes
28,Master's Level,Male,2.75,4,23,PC,10:30:00 AM,Yes,6,FIFA,Regular,Paid,2,Positive,Bored,Stressed,Yes,No,Yes
20,Bachelor Level,Female,3,3.59,20,Mobile,11:30:00 AM,No,2,IGA,Not regular,Non Paid,3,Depressed,Bored,Excited to complete level,Yes,Yes,Yes
20,Bachelor Level,Female,3,4,18,Mobile,10:30:00 AM,Yes,2,FIFA,Not regular,Paid,4,Depressed,Excited,No feeling,Yes,Yes,Yes
19,Bachelor Level,Male,2.34,3,21,PC,11:30:00 AM,Yes,3,FREE FIRE,Not regular,Non Paid,2,Positive,Bored,No feeling,Yes,Yes,Yes
27,Master's Level,Male,3.33,2,20,Mobile,1:30:00 AM,Yes,5,PES,Regular,Non Paid,4,Positive,Excited,No feeling,No,No,Yes
23,Bachelor Level,Female,3.10 ,5,20,Mobile,1:30:00 AM,Yes,6,COC,Not regular,Paid,3,Depressed,Excited,No feeling,No,No,Yes
24,Bachelor Level,Female,3,4.5,20,Mobile,10:30:00 AM,Yes,3,IGA,Regular,Non Paid,2,Positive,Bored,Excited to complete level,Yes,No,No
23,Bachelor Level,Male,4.0 ,4.75,19,Mobile,11:30:00 AM,Yes,6,FREE FIRE,Not regular,Paid,3,Angry,Bored,No feeling,Yes,No,Yes
23,Bachelor Level,Male,3.02,5,18,PC,2:30:00 AM,No,2,COC,Regular,Non Paid,4,Upset,Excited,No feeling,Yes,No,Yes
21,Bachelor Level,Female,4,2.94,21,Mobile,12:30:00 PM,Yes,4,PES,Not regular,Non Paid,4,Depressed,Excited,Stressed,Yes,Yes,No
20,Bachelor Level,Male,3,3.5,21,Mobile,2:30:00 AM,No,6,FREE FIRE,Not regular,Non Paid,2,Depressed,Excited,Stressed,No,No,Yes
27,Master's Level,Male,4,4.45,21,PC,10:30:00 AM,No,3,IGA,Regular,Non Paid,4,Positive,Bored,Excited to complete level,Yes,Yes,Yes
20,Bachelor Level,Male,3.21,5,19,PC,1:30:00 AM,Yes,3,PUBG,Not regular,Paid,2,Upset,Bored,Stressed,No,Yes,Yes
19,Bachelor Level,Male,3,4,18,PC,2:30:00 AM,No,6,FIFA,Not regular,Non Paid,4,Depressed,Excited,Excited to complete level,No,No,No
18,Bachelor Level,Female,4.7,3,20,PC,11:30:00 AM,No,5,PES,Not regular,Non Paid,3,Upset,Bored,No feeling,Yes,No,No
28,Master's Level,Male,3.35,5,21,PC,12:30:00 PM,No,2,FIFA,Not regular,Paid,2,Depressed,Excited,Stressed,Yes,No,No
24,Bachelor Level,Female,3,4,19,PC,10:30:00 AM,No,5,PES,Regular,Non Paid,2,Angry,Bored,Excited to complete level,Yes,No,No
18,Bachelor Level,Male,2,4.0 ,19,Mobile,12:30:00 PM,Yes,6,COC,Regular,Non Paid,4,Positive,Excited,Stressed,No,No,No
18,Bachelor Level,Male,4,4.22,21,Mobile,12:30:00 PM,No,3,FREE FIRE,Regular,Non Paid,4,Angry,Bored,Stressed,No,No,No
19,Bachelor Level,Male,3.44,4.50 ,18,Mobile,10:30:00 AM,No,6,FIFA,Not regular,Paid,4,Positive,Excited,No feeling,No,Yes,Yes
27,Master's Level,Male,3.98,3,22,PC,11:30:00 AM,Yes,4,IGA,Not regular,Paid,2,Depressed,Excited,No feeling,No,No,No
28,Master's Level,Female,3.82,4.65,20,Mobile,2:30:00 AM,Yes,4,CALL OF DUTY,Not regular,Non Paid,4,Positive,Bored,No feeling,No,No,Yes
19,Bachelor Level,Male,2,4.15,18,Mobile,2:30:00 AM,No,6,PES,Not regular,Non Paid,2,Upset,Bored,Stressed,No,No,Yes
23,Bachelor Level,Male,2.77,4.71,18,Mobile,12:30:00 PM,Yes,3,COC,Regular,Paid,2,Depressed,Excited,No feeling,No,Yes,No
24,Bachelor Level,Female,2,3.75,21,PC,2:30:00 AM,Yes,3,PES,Not regular,Paid,3,Depressed,Bored,Stressed,Yes,No,Yes
21,Bachelor Level,Female,4,4.5,20,PC,11:30:00 AM,No,2,CALL OF DUTY,Regular,Paid,4,Positive,Bored,No feeling,No,Yes,Yes
25,Master's Level,Male,5,4,21,PC,11:30:00 AM,Yes,5,COC,Regular,Non Paid,2,Depressed,Bored,Stressed,Yes,No,No
18,Bachelor Level,Female,3.11,3.5,19,Mobile,2:30:00 AM,No,6,FIFA,Regular,Paid,4,Upset,Excited,Excited to complete level,No,Yes,No
28,Master's Level,Male,3.63,4,20,Mobile,11:30:00 AM,No,2,COC,Regular,Non Paid,4,Depressed,Bored,Stressed,No,No,No
20,Bachelor Level,Female,3,5,18,Mobile,2:30:00 AM,Yes,2,FIFA,Not regular,Non Paid,4,Angry,Bored,Excited to complete level,No,Yes,Yes
28,Master's Level,Female,4,5,21,PC,12:30:00 PM,Yes,2,COC,Not regular,Non Paid,4,Depressed,Bored,No feeling,No,No,No
23,Bachelor Level,Male,2.64,4.44,21,PC,1:30:00 AM,Yes,2,CALL OF DUTY,Regular,Non Paid,2,Positive,Bored,Stressed,Yes,No,No
24,Bachelor Level,Female,2,4,20,PC,10:30:00 AM,Yes,5,FREE FIRE,Not regular,Non Paid,2,Upset,Excited,Stressed,Yes,Yes,No
24,Bachelor Level,Female,3.5,5,19,PC,12:30:00 PM,No,3,COC,Not regular,Non Paid,4,Positive,Bored,No feeling,Yes,Yes,Yes
21,Bachelor Level,Male,3.75,3.8,18,Mobile,2:30:00 AM,No,6,COC,Not regular,Non Paid,2,Depressed,Bored,Excited to complete level,Yes,Yes,No
26,Master's Level,Male,3.69,4.28,21,Mobile,11:30:00 AM,No,6,COC,Regular,Non Paid,2,Angry,Excited,Stressed,Yes,No,No
28,Master's Level,Male,2.27,3,21,PC,10:30:00 AM,Yes,2,CALL OF DUTY,Not regular,Paid,2,Positive,Bored,Excited to complete level,No,No,Yes
26,Master's Level,Male,2.61,4.03,24,Mobile,1:30:00 AM,Yes,6,COC,Regular,Non Paid,3,Positive,Bored,Excited to complete level,Yes,No,No
26,Master's Level,Female,2.43,4,22,PC,2:30:00 AM,Yes,4,COC,Not regular,Non Paid,3,Upset,Bored,Excited to complete level,No,No,Yes
28,Master's Level,Female,2.84,4,21,Mobile,2:30:00 AM,No,3,PES,Regular,Paid,3,Angry,Excited,No feeling,No,No,Yes
20,Bachelor Level,Female,3.33,3.01,20,PC,10:30:00 AM,No,3,FIFA,Not regular,Paid,2,Depressed,Excited,Stressed,No,Yes,No
26,Master's Level,Male,3.36,4.02,24,Mobile,11:30:00 AM,Yes,5,CALL OF DUTY,Regular,Non Paid,2,Positive,Excited,No feeling,No,Yes,Yes
21,Bachelor Level,Male,3,5,19,PC,10:30:00 AM,No,4,IGA,Not regular,Paid,3,Angry,Bored,Excited to complete level,No,No,No
21,Bachelor Level,Male,3.42,4,21,Mobile,2:30:00 AM,Yes,3,CALL OF DUTY,Not regular,Non Paid,2,Angry,Excited,No feeling,No,Yes,No
28,Master's Level,Male,3,4,23,Mobile,1:30:00 AM,Yes,6,FREE FIRE,Regular,Non Paid,2,Positive,Excited,Excited to complete level,No,Yes,Yes
19,Bachelor Level,Male,2.86,4.45,18,PC,1:30:00 AM,No,3,IGA,Regular,Non Paid,4,Depressed,Bored,Stressed,Yes,No,Yes
19,Bachelor Level,Male,3.59,3,18,Mobile,11:30:00 AM,No,3,CALL OF DUTY,Not regular,Paid,2,Angry,Excited,Stressed,No,No,Yes
23,Bachelor Level,Male,3.76,4.5,18,PC,11:30:00 AM,Yes,5,PES,Not regular,Non Paid,2,Angry,Excited,Stressed,No,Yes,No
21,Bachelor Level,Female,3.02,6,19,PC,1:30:00 AM,Yes,5,CALL OF DUTY,Regular,Non Paid,2,Positive,Bored,Stressed,Yes,Yes,No
20,Bachelor Level,Male,3.71,5,18,Mobile,1:30:00 AM,Yes,3,CALL OF DUTY,Regular,Non Paid,2,Upset,Excited,Stressed,No,No,No
21,Bachelor Level,Female,3.84,4,18,PC,12:30:00 PM,No,6,FREE FIRE,Regular,Non Paid,4,Depressed,Excited,Excited to complete level,Yes,Yes,No
19,Bachelor Level,Male,2.5,3,20,PC,11:30:00 AM,Yes,5,PES,Regular,Non Paid,4,Upset,Excited,Stressed,Yes,Yes,No
24,Bachelor Level,Male,3,3.55,20,PC,11:30:00 AM,No,4,FREE FIRE,Regular,Non Paid,2,Positive,Excited,No feeling,No,No,No
22,Bachelor Level,Male,3.2,4,19,PC,10:30:00 AM,No,6,CALL OF DUTY,Not regular,Paid,3,Angry,Excited,Stressed,No,Yes,Yes
19,Bachelor Level,Female,2,5,21,Mobile,10:30:00 AM,Yes,5,IGA,Regular,Paid,3,Depressed,Excited,Stressed,Yes,No,No
24,Bachelor Level,Female,3.98,5,20,Mobile,11:30:00 AM,No,6,CALL OF DUTY,Not regular,Paid,4,Angry,Bored,Stressed,No,Yes,Yes
22,Bachelor Level,Female,2.79,4.5,19,PC,10:30:00 AM,Yes,3,FIFA,Not regular,Paid,4,Upset,Bored,Excited to complete level,No,No,Yes
24,Bachelor Level,Male,2.4,3.98,18,PC,2:30:00 AM,No,4,COC,Regular,Paid,4,Depressed,Bored,Excited to complete level,Yes,Yes,No
24,Bachelor Level,Female,3.0 ,3.11,18,PC,2:30:00 AM,No,2,PUBG,Regular,Non Paid,4,Positive,Bored,No feeling,No,Yes,No
26,Master's Level,Female,3,4.03,21,PC,11:30:00 AM,No,5,CALL OF DUTY,Regular,Non Paid,4,Angry,Excited,Excited to complete level,No,No,No
21,Bachelor Level,Female,3.68,5,18,PC,2:30:00 AM,Yes,2,PUBG,Regular,Non Paid,3,Angry,Excited,No feeling,Yes,No,No
23,Bachelor Level,Male,3.85,5,19,PC,12:30:00 PM,No,2,COC,Not regular,Non Paid,4,Depressed,Bored,Stressed,Yes,No,No
27,Master's Level,Male,3.35,5,24,PC,10:30:00 AM,No,5,PUBG,Not regular,Non Paid,3,Angry,Bored,No feeling,Yes,Yes,Yes
24,Bachelor Level,Male,3,3.5,21,Mobile,10:30:00 AM,Yes,3,PES,Regular,Paid,3,Angry,Excited,Stressed,Yes,No,No
20,Bachelor Level,Male,4,5,21,PC,12:30:00 PM,Yes,2,FREE FIRE,Regular,Non Paid,3,Angry,Bored,Excited to complete level,No,Yes,Yes
23,Bachelor Level,Female,3,3.93,18,PC,2:30:00 AM,No,5,COC,Regular,Non Paid,2,Positive,Excited,Excited to complete level,Yes,Yes,Yes
25,Master's Level,Male,3,4.8,23,PC,10:30:00 AM,Yes,3,COC,Not regular,Non Paid,4,Upset,Bored,Stressed,Yes,Yes,Yes
26,Master's Level,Male,2.2,4.29,24,Mobile,10:30:00 AM,No,2,FIFA,Not regular,Non Paid,4,Depressed,Bored,Stressed,No,Yes,No
28,Master's Level,Male,3,3,22,PC,12:30:00 PM,No,2,FIFA,Regular,Non Paid,2,Positive,Excited,Excited to complete level,Yes,Yes,No
20,Bachelor Level,Female,2,3.42,21,PC,1:30:00 AM,No,6,COC,Regular,Non Paid,2,Upset,Excited,Excited to complete level,No,No,Yes
28,Master's Level,Female,4,5,21,PC,11:30:00 AM,Yes,6,PUBG,Regular,Non Paid,2,Positive,Bored,No feeling,Yes,Yes,No
18,Bachelor Level,Female,2.32,2.61,19,PC,10:30:00 AM,Yes,2,CALL OF DUTY,Regular,Non Paid,2,Upset,Bored,No feeling,Yes,Yes,No
19,Bachelor Level,Male,3,3.75,21,Mobile,12:30:00 PM,Yes,6,IGA,Not regular,Paid,4,Positive,Bored,Excited to complete level,Yes,Yes,No
22,Bachelor Level,Male,2,3.39,19,Mobile,1:30:00 AM,No,3,IGA,Not regular,Non Paid,4,Depressed,Bored,No feeling,Yes,No,Yes
21,Bachelor Level,Male,2,3.5,20,Mobile,2:30:00 AM,Yes,4,IGA,Regular,Paid,3,Positive,Bored,Excited to complete level,Yes,No,No
24,Bachelor Level,Male,2.54,3,20,Mobile,1:30:00 AM,Yes,6,FIFA,Regular,Non Paid,3,Upset,Bored,Stressed,Yes,Yes,Yes
23,Bachelor Level,Male,3.19,3,21,PC,11:30:00 AM,Yes,5,PUBG,Regular,Paid,4,Angry,Bored,Excited to complete level,Yes,Yes,Yes
23,Bachelor Level,Male,3,3,18,PC,2:30:00 AM,Yes,4,IGA,Not regular,Paid,4,Angry,Excited,Stressed,Yes,No,No
20,Bachelor Level,Female,3.96,5,19,Mobile,1:30:00 AM,No,3,IGA,Not regular,Paid,2,Depressed,Bored,Stressed,Yes,Yes,Yes
23,Bachelor Level,Female,3,4.1,20,Mobile,12:30:00 PM,No,6,FREE FIRE,Not regular,Non Paid,3,Positive,Bored,No feeling,No,No,No
22,Bachelor Level,Male,3,3.54,20,Mobile,2:30:00 AM,No,4,PUBG,Not regular,Paid,4,Depressed,Excited,No feeling,Yes,Yes,Yes
24,Bachelor Level,Female,2.5,3.81,18,Mobile,10:30:00 AM,Yes,5,PUBG,Regular,Paid,2,Upset,Bored,Excited to complete level,No,Yes,Yes
18,Bachelor Level,Male,2,4.2,18,Mobile,11:30:00 AM,No,6,CALL OF DUTY,Regular,Paid,3,Angry,Bored,Excited to complete level,Yes,No,No
19,Bachelor Level,Male,2,4,18,PC,11:30:00 AM,Yes,2,FREE FIRE,Regular,Paid,2,Upset,Bored,No feeling,No,No,No
23,Bachelor Level,Female,2.19,3.35,21,Mobile,10:30:00 AM,No,5,IGA,Regular,Paid,2,Angry,Bored,No feeling,No,No,No
18,Bachelor Level,Male,5,2.92,21,Mobile,11:30:00 AM,Yes,6,PES,Not regular,Paid,4,Positive,Excited,Excited to complete level,No,Yes,Yes
22,Bachelor Level,Female,3,3.51,20,Mobile,11:30:00 AM,Yes,2,CALL OF DUTY,Not regular,Paid,4,Positive,Bored,Excited to complete level,Yes,No,No
28,Master's Level,Female,3.55,5,22,Mobile,2:30:00 AM,Yes,3,FREE FIRE,Regular,Non Paid,3,Depressed,Bored,Stressed,Yes,Yes,No
24,Bachelor Level,Female,2.56,4.13,20,PC,10:30:00 AM,No,6,IGA,Regular,Paid,3,Positive,Bored,No feeling,No,No,No
21,Bachelor Level,Male,2,3.82,21,PC,12:30:00 PM,Yes,4,PES,Not regular,Non Paid,4,Positive,Excited,No feeling,No,No,Yes
27,Master's Level,Male,4,4.72,20,PC,12:30:00 PM,No,2,FREE FIRE,Not regular,Paid,4,Positive,Bored,Excited to complete level,Yes,No,No
24,Bachelor Level,Female,3.5,4,21,Mobile,11:30:00 AM,No,6,FREE FIRE,Not regular,Non Paid,4,Angry,Bored,No feeling,No,No,Yes
28,Master's Level,Male,3,5,24,Mobile,10:30:00 AM,Yes,5,COC,Regular,Non Paid,4,Angry,Bored,Excited to complete level,Yes,No,No
26,Master's Level,Female,3.02,4.72,20,Mobile,2:30:00 AM,No,2,COC,Regular,Non Paid,4,Depressed,Bored,Stressed,Yes,Yes,No
23,Bachelor Level,Female,4,4,21,PC,11:30:00 AM,Yes,5,COC,Not regular,Paid,4,Positive,Excited,Stressed,Yes,Yes,No
23,Bachelor Level,Female,3.25,5,20,PC,2:30:00 AM,No,4,PUBG,Not regular,Paid,3,Upset,Bored,Stressed,No,Yes,Yes
22,Bachelor Level,Female,2,3.75,19,PC,1:30:00 AM,No,2,COC,Not regular,Paid,3,Upset,Excited,No feeling,Yes,Yes,No
28,Master's Level,Male,4,4.46,24,Mobile,10:30:00 AM,Yes,4,FIFA,Not regular,Non Paid,3,Angry,Excited,Stressed,No,No,No
26,Master's Level,Female,3.52,5,21,PC,10:30:00 AM,No,5,COC,Not regular,Paid,3,Positive,Bored,Excited to complete level,No,No,Yes
18,Bachelor Level,Male,2,4.75,20,PC,1:30:00 AM,No,3,CALL OF DUTY,Not regular,Non Paid,2,Positive,Bored,Excited to complete level,Yes,Yes,Yes
19,Bachelor Level,Male,3.41,4,19,Mobile,10:30:00 AM,No,5,FIFA,Regular,Non Paid,3,Upset,Bored,Stressed,No,No,No
28,Master's Level,Male,3.23,4.54,22,PC,12:30:00 PM,Yes,5,CALL OF DUTY,Regular,Paid,4,Upset,Bored,Stressed,Yes,Yes,No
23,Bachelor Level,Female,2,4,19,Mobile,2:30:00 AM,No,4,CALL OF DUTY,Not regular,Non Paid,3,Upset,Excited,No feeling,No,Yes,Yes
27,Master's Level,Male,2.79,3.36,20,Mobile,12:30:00 PM,Yes,2,PUBG,Not regular,Paid,2,Upset,Bored,Excited to complete level,Yes,No,No
23,Bachelor Level,Female,3.05,3.9,18,PC,10:30:00 AM,No,3,IGA,Regular,Paid,3,Upset,Bored,Excited to complete level,No,No,Yes
21,Bachelor Level,Female,2.5,3,21,Mobile,2:30:00 AM,Yes,6,COC,Not regular,Non Paid,3,Angry,Bored,No feeling,No,Yes,No
26,Master's Level,Male,5,3,23,PC,1:30:00 AM,Yes,3,FREE FIRE,Regular,Non Paid,3,Positive,Excited,No feeling,Yes,Yes,Yes
20,Bachelor Level,Female,4,4.7,18,PC,11:30:00 AM,Yes,2,FREE FIRE,Not regular,Non Paid,4,Depressed,Excited,No feeling,No,Yes,Yes
20,Bachelor Level,Female,2,4.02,18,PC,11:30:00 AM,No,2,COC,Regular,Non Paid,2,Angry,Excited,Stressed,Yes,Yes,No
22,Bachelor Level,Female,3,4,21,PC,11:30:00 AM,Yes,6,FIFA,Not regular,Non Paid,2,Depressed,Bored,Excited to complete level,Yes,Yes,Yes
22,Bachelor Level,Male,2.09,3,18,Mobile,12:30:00 PM,No,6,CALL OF DUTY,Regular,Non Paid,4,Positive,Bored,Stressed,No,No,No
20,Bachelor Level,Female,3.37,4,19,Mobile,2:30:00 AM,Yes,6,IGA,Regular,Non Paid,4,Angry,Bored,No feeling,No,No,Yes
21,Bachelor Level,Female,2.5,4,20,PC,1:30:00 AM,Yes,4,IGA,Not regular,Paid,3,Upset,Excited,No feeling,No,Yes,Yes
28,Master's Level,Female,2,4,23,PC,2:30:00 AM,No,4,COC,Regular,Paid,4,Angry,Excited,No feeling,Yes,No,Yes
20,Bachelor Level,Female,3.05,4.5,19,Mobile,1:30:00 AM,Yes,2,COC,Regular,Paid,2,Upset,Bored,No feeling,Yes,Yes,Yes
23,Bachelor Level,Female,3.5,4.85,21,PC,2:30:00 AM,Yes,3,CALL OF DUTY,Not regular,Paid,4,Upset,Excited,Stressed,Yes,No,No
28,Master's Level,Female,3.4,4.55,24,Mobile,10:30:00 AM,Yes,2,IGA,Regular,Paid,2,Positive,Excited,Stressed,No,No,Yes
26,Master's Level,Male,2,3.23,22,Mobile,10:30:00 AM,No,5,CALL OF DUTY,Not regular,Paid,3,Positive,Bored,No feeling,No,No,No
19,Bachelor Level,Male,3,3,21,PC,1:30:00 AM,Yes,3,PES,Regular,Paid,3,Positive,Excited,No feeling,Yes,No,No
25,Master's Level,Male,3,2.96,24,Mobile,2:30:00 AM,Yes,6,COC,Regular,Paid,2,Upset,Excited,Stressed,Yes,No,Yes
23,Bachelor Level,Male,3,3.76,18,PC,1:30:00 AM,Yes,6,CALL OF DUTY,Not regular,Paid,2,Depressed,Excited,Excited to complete level,Yes,No,No
27,Master's Level,Female,3.77,5,22,Mobile,12:30:00 PM,Yes,2,FREE FIRE,Regular,Paid,4,Positive,Bored,Excited to complete level,Yes,Yes,Yes
24,Bachelor Level,Female,2.41,5,20,PC,11:30:00 AM,No,5,IGA,Not regular,Paid,2,Positive,Bored,Excited to complete level,Yes,No,Yes
22,Bachelor Level,Female,3,3,19,Mobile,12:30:00 PM,Yes,2,IGA,Regular,Paid,2,Angry,Excited,Excited to complete level,Yes,Yes,No
26,Master's Level,Male,3,4.15,22,Mobile,10:30:00 AM,Yes,6,PES,Regular,Non Paid,4,Angry,Bored,Stressed,Yes,No,No
18,Bachelor Level,Male,4,4.78,20,Mobile,1:30:00 AM,Yes,3,PUBG,Not regular,Paid,3,Angry,Excited,Stressed,No,No,Yes
20,Bachelor Level,Male,3,4.79,20,Mobile,2:30:00 AM,No,2,PES,Regular,Non Paid,4,Depressed,Excited,Excited to complete level,No,Yes,No
18,Bachelor Level,Female,3.67,3.17,18,Mobile,11:30:00 AM,Yes,6,FIFA,Not regular,Non Paid,2,Upset,Bored,Excited to complete level,No,Yes,No
24,Bachelor Level,Male,3,5,19,Mobile,2:30:00 AM,No,5,FIFA,Not regular,Paid,3,Angry,Bored,No feeling,Yes,Yes,Yes
26,Master's Level,Female,3,4,23,Mobile,1:30:00 AM,No,5,CALL OF DUTY,Regular,Paid,2,Positive,Bored,Stressed,Yes,Yes,Yes
19,Bachelor Level,Female,4,4.94,19,PC,1:30:00 AM,Yes,3,COC,Regular,Non Paid,2,Positive,Excited,No feeling,No,Yes,No
22,Bachelor Level,Male,2,4382,21,Mobile,11:30:00 AM,Yes,3,FREE FIRE,Not regular,Paid,2,Positive,Excited,Stressed,No,No,No
18,Bachelor Level,Female,3.75,4,20,Mobile,10:30:00 AM,No,2,CALL OF DUTY,Regular,Paid,3,Depressed,Bored,Excited to complete level,No,Yes,No
22,Bachelor Level,Male,2.9,4.2,19,PC,10:30:00 AM,No,5,FREE FIRE,Not regular,Paid,4,Depressed,Bored,Excited to complete level,Yes,No,Yes
21,Bachelor Level,Female,2.88,5,21,PC,11:30:00 AM,No,6,FIFA,Regular,Paid,3,Angry,Excited,Stressed,No,Yes,Yes
20,Bachelor Level,Female,3.37,4.5,20,Mobile,1:30:00 AM,Yes,5,PUBG,Not regular,Non Paid,4,Upset,Bored,Excited to complete level,No,No,No
21,Bachelor Level,Female,3.77,4.2,20,Mobile,12:30:00 PM,No,5,IGA,Regular,Non Paid,2,Upset,Excited,Stressed,Yes,Yes,No
24,Bachelor Level,Male,2.24,4.91,21,Mobile,1:30:00 AM,Yes,3,FIFA,Not regular,Paid,4,Depressed,Bored,No feeling,No,Yes,No
21,Bachelor Level,Male,3.77,5,18,PC,10:30:00 AM,No,2,IGA,Not regular,Paid,2,Upset,Excited,Stressed,Yes,Yes,Yes
24,Bachelor Level,Male,3,4,18,Mobile,10:30:00 AM,No,4,PUBG,Not regular,Non Paid,2,Upset,Excited,No feeling,Yes,Yes,Yes
27,Master's Level,Female,2,3.59,22,PC,10:30:00 AM,No,4,COC,Regular,Non Paid,2,Angry,Bored,No feeling,Yes,No,No
21,Bachelor Level,Female,4,5,19,PC,12:30:00 PM,Yes,6,FREE FIRE,Not regular,Paid,3,Depressed,Bored,Stressed,Yes,Yes,No
24,Bachelor Level,Female,4,5,21,PC,10:30:00 AM,Yes,6,IGA,Not regular,Non Paid,4,Angry,Excited,Stressed,Yes,Yes,No
18,Bachelor Level,Female,3.21,4,18,Mobile,1:30:00 AM,No,5,CALL OF DUTY,Not regular,Non Paid,3,Angry,Excited,Excited to complete level,No,No,No
18,Bachelor Level,Female,3.22,4,19,Mobile,11:30:00 AM,No,6,FREE FIRE,Regular,Non Paid,4,Depressed,Excited,Stressed,No,Yes,No
21,Bachelor Level,Male,3.62,4.78,18,PC,12:30:00 PM,No,2,PUBG,Not regular,Non Paid,2,Upset,Bored,No feeling,Yes,No,No
26,Master's Level,Female,3.46,4.7,24,PC,2:30:00 AM,No,5,PUBG,Not regular,Non Paid,3,Upset,Bored,Stressed,Yes,No,No
19,Bachelor Level,Male,3,4.48,19,Mobile,11:30:00 AM,No,3,FIFA,Not regular,Paid,3,Positive,Bored,Excited to complete level,No,No,Yes
21,Bachelor Level,Female,3.14,5,19,PC,2:30:00 AM,No,2,IGA,Regular,Paid,2,Depressed,Excited,Excited to complete level,Yes,No,Yes
26,Master's Level,Male,3,5,24,PC,11:30:00 AM,Yes,4,FREE FIRE,Regular,Non Paid,4,Angry,Excited,Excited to complete level,Yes,Yes,No
22,Bachelor Level,Male,3,4.54,18,Mobile,10:30:00 AM,No,6,IGA,Not regular,Non Paid,2,Positive,Bored,Excited to complete level,Yes,Yes,No
21,Bachelor Level,Male,4,4.14,19,Mobile,12:30:00 PM,Yes,6,FIFA,Not regular,Paid,3,Upset,Excited,Stressed,No,Yes,No
24,Bachelor Level,Female,2.23,3.90 ,18,PC,10:30:00 AM,Yes,4,CALL OF DUTY,Regular,Non Paid,4,Positive,Excited,Stressed,No,No,No
27,Master's Level,Female,2.09,4,20,PC,10:30:00 AM,Yes,6,PUBG,Regular,Non Paid,2,Depressed,Bored,Stressed,No,Yes,Yes
21,Bachelor Level,Female,2,5,20,PC,11:30:00 AM,Yes,6,PUBG,Regular,Paid,4,Positive,Bored,Stressed,Yes,No,Yes
18,Bachelor Level,Female,3.76,4.17,21,Mobile,1:30:00 AM,Yes,2,FREE FIRE,Not regular,Non Paid,2,Depressed,Bored,Stressed,No,Yes,Yes
25,Master's Level,Female,3.99,3.86,23,Mobile,10:30:00 AM,Yes,4,FIFA,Not regular,Paid,3,Upset,Bored,No feeling,Yes,No,No
28,Master's Level,Male,2.89,4.48,20,Mobile,2:30:00 AM,Yes,5,PES,Not regular,Non Paid,4,Angry,Bored,No feeling,No,Yes,No
22,Bachelor Level,Female,3,4.00 ,18,Mobile,2:30:00 AM,No,4,CALL OF DUTY,Regular,Paid,2,Upset,Bored,Excited to complete level,Yes,No,No
24,Bachelor Level,Female,3.05,4.08,20,PC,1:30:00 AM,Yes,6,PES,Regular,Paid,4,Depressed,Bored,Stressed,Yes,Yes,No
18,Bachelor Level,Male,2.31,3,20,PC,2:30:00 AM,Yes,2,PUBG,Not regular,Non Paid,4,Depressed,Bored,Stressed,No,Yes,No
27,Master's Level,Female,2,4.82,23,PC,2:30:00 AM,No,2,FREE FIRE,Not regular,Paid,2,Upset,Excited,Stressed,Yes,Yes,Yes
21,Bachelor Level,Female,3.5,5,21,PC,2:30:00 AM,Yes,4,CALL OF DUTY,Not regular,Non Paid,3,Upset,Bored,Excited to complete level,Yes,Yes,No
22,Bachelor Level,Male,3,4,21,Mobile,12:30:00 PM,No,2,PES,Not regular,Paid,2,Angry,Excited,No feeling,No,No,No
19,Bachelor Level,Male,5,3.63,20,PC,11:30:00 AM,No,5,FREE FIRE,Regular,Non Paid,3,Depressed,Excited,Stressed,No,Yes,No
24,Bachelor Level,Female,4,4.75,18,PC,12:30:00 PM,No,3,PUBG,Not regular,Paid,4,Angry,Bored,No feeling,No,Yes,Yes
23,Bachelor Level,Male,3,4.08,19,Mobile,11:30:00 AM,No,2,COC,Regular,Paid,4,Depressed,Excited,No feeling,No,Yes,No
27,Master's Level,Female,3.5,4,21,PC,2:30:00 AM,No,3,IGA,Regular,Non Paid,2,Upset,Bored,Stressed,Yes,No,Yes
25,Master's Level,Male,2.04,3,22,Mobile,12:30:00 PM,Yes,5,CALL OF DUTY,Not regular,Paid,4,Depressed,Excited,Excited to complete level,Yes,No,No
25,Master's Level,Male,3,3,23,Mobile,1:30:00 AM,No,6,IGA,Not regular,Non Paid,3,Depressed,Bored,Excited to complete level,Yes,Yes,No
18,Bachelor Level,Male,3.52,5,18,PC,12:30:00 PM,Yes,2,PES,Regular,Non Paid,2,Upset,Excited,Excited to complete level,Yes,Yes,No
19,Bachelor Level,Female,3.66,4,19,PC,11:30:00 AM,Yes,6,CALL OF DUTY,Not regular,Non Paid,3,Upset,Excited,No feeling,No,Yes,Yes
28,Master's Level,Female,3.03,4,24,Mobile,1:30:00 AM,No,4,CALL OF DUTY,Not regular,Non Paid,4,Angry,Bored,Stressed,Yes,No,Yes
23,Bachelor Level,Male,2.56,3,18,Mobile,1:30:00 AM,No,2,PES,Regular,Paid,3,Depressed,Bored,Stressed,No,No,No
27,Master's Level,Female,3.39,4.35,22,Mobile,11:30:00 AM,No,4,COC,Regular,Paid,4,Positive,Excited,Excited to complete level,No,Yes,Yes
21,Bachelor Level,Male,3.05,4,20,PC,1:30:00 AM,No,2,IGA,Regular,Paid,2,Upset,Excited,Stressed,Yes,Yes,Yes
23,Bachelor Level,Female,3,5,20,PC,12:30:00 PM,Yes,5,FREE FIRE,Regular,Non Paid,2,Angry,Excited,No feeling,No,Yes,Yes
28,Master's Level,Female,2.85,4,24,PC,12:30:00 PM,Yes,4,IGA,Not regular,Paid,4,Angry,Excited,Excited to complete level,No,Yes,No
20,Bachelor Level,Male,3.15,3,18,PC,2:30:00 AM,No,4,IGA,Regular,Non Paid,4,Depressed,Excited,Excited to complete level,Yes,No,No
24,Bachelor Level,Female,2.36,3.65,21,Mobile,1:30:00 AM,No,2,FREE FIRE,Not regular,Non Paid,2,Depressed,Excited,Excited to complete level,No,Yes,Yes
23,Bachelor Level,Male,3.5,4.75,21,PC,1:30:00 AM,Yes,2,PES,Regular,Non Paid,3,Positive,Bored,Excited to complete level,Yes,Yes,Yes
21,Bachelor Level,Male,4,4.5,18,PC,1:30:00 AM,No,4,PES,Regular,Non Paid,4,Positive,Excited,Stressed,No,No,No
20,Bachelor Level,Female,2.38,4.90 ,19,PC,1:30:00 AM,No,5,FIFA,Regular,Paid,2,Upset,Excited,Stressed,No,No,Yes
24,Bachelor Level,Female,4.87,4,21,Mobile,12:30:00 PM,Yes,2,PUBG,Regular,Paid,4,Depressed,Excited,No feeling,Yes,Yes,No
19,Bachelor Level,Male,3,4.66,21,Mobile,10:30:00 AM,No,3,IGA,Regular,Non Paid,2,Angry,Excited,Stressed,Yes,No,Yes
28,Master's Level,Female,2.18,5,21,PC,1:30:00 AM,No,2,FREE FIRE,Not regular,Non Paid,3,Angry,Excited,Stressed,No,Yes,Yes
27,Master's Level,Female,3.13,5,20,PC,11:30:00 AM,Yes,2,PES,Regular,Non Paid,4,Depressed,Bored,Excited to complete level,No,No,No
27,Master's Level,Male,3.56,5,22,Mobile,2:30:00 AM,No,4,FREE FIRE,Regular,Non Paid,3,Angry,Excited,Excited to complete level,Yes,No,No
19,Bachelor Level,Female,4,5,18,Mobile,10:30:00 AM,No,3,FREE FIRE,Not regular,Non Paid,3,Upset,Bored,No feeling,No,No,Yes
22,Bachelor Level,Female,3.80 ,4.5,18,Mobile,11:30:00 AM,Yes,5,FREE FIRE,Regular,Non Paid,2,Upset,Bored,No feeling,No,Yes,No
19,Bachelor Level,Male,3.87,4.1,19,Mobile,10:30:00 AM,Yes,6,PES,Regular,Paid,3,Depressed,Bored,Excited to complete level,Yes,No,No
21,Bachelor Level,Male,5,5,21,Mobile,1:30:00 AM,No,6,COC,Regular,Paid,3,Upset,Bored,Stressed,No,No,No
25,Master's Level,Female,3.3,3.37,21,PC,2:30:00 AM,No,3,FIFA,Not regular,Paid,3,Positive,Bored,Stressed,Yes,No,Yes
24,Bachelor Level,Female,3.8,4,19,PC,12:30:00 PM,Yes,6,PUBG,Regular,Non Paid,2,Upset,Bored,Excited to complete level,No,Yes,Yes
27,Master's Level,Female,4,5,22,Mobile,11:30:00 AM,No,5,CALL OF DUTY,Regular,Non Paid,3,Depressed,Excited,Stressed,No,No,No
18,Bachelor Level,Male,4,4.73,19,PC,10:30:00 AM,No,3,FIFA,Not regular,Paid,2,Depressed,Excited,Excited to complete level,No,No,Yes
18,Bachelor Level,Female,2.53,3.03,18,PC,2:30:00 AM,No,4,PES,Regular,Paid,2,Upset,Bored,No feeling,Yes,No,Yes
22,Bachelor Level,Female,3.19,4.29,18,PC,1:30:00 AM,No,4,IGA,Not regular,Non Paid,2,Upset,Bored,No feeling,No,Yes,No
19,Bachelor Level,Male,4.0 ,5,18,PC,11:30:00 AM,Yes,4,PUBG,Regular,Paid,4,Depressed,Bored,Excited to complete level,No,Yes,No
27,Master's Level,Male,4,5,24,Mobile,11:30:00 AM,No,4,PES,Not regular,Non Paid,4,Depressed,Excited,No feeling,No,No,Yes
24,Bachelor Level,Female,3,4,18,Mobile,11:30:00 AM,Yes,4,PUBG,Not regular,Non Paid,4,Depressed,Excited,Excited to complete level,No,No,No
24,Bachelor Level,Female,4,4.04,20,Mobile,10:30:00 AM,No,5,CALL OF DUTY,Not regular,Paid,3,Upset,Excited,Excited to complete level,Yes,Yes,No
18,Bachelor Level,Male,2.12,4.33,19,PC,1:30:00 AM,Yes,6,CALL OF DUTY,Not regular,Non Paid,3,Depressed,Bored,Excited to complete level,Yes,Yes,No
19,Bachelor Level,Female,3,4.83,20,PC,10:30:00 AM,No,6,PES,Regular,Paid,4,Depressed,Bored,No feeling,Yes,Yes,Yes
27,Master's Level,Male,2.98,4,22,PC,12:30:00 PM,Yes,2,FIFA,Not regular,Paid,2,Depressed,Bored,Stressed,Yes,Yes,Yes
24,Bachelor Level,Female,3.25,4.43,19,Mobile,11:30:00 AM,Yes,4,CALL OF DUTY,Regular,Non Paid,4,Depressed,Bored,No feeling,Yes,No,No
26,Master's Level,Female,3.96,4.16,22,PC,1:30:00 AM,No,2,IGA,Not regular,Paid,4,Depressed,Excited,Stressed,Yes,No,No
21,Bachelor Level,Male,3,4.55,19,Mobile,11:30:00 AM,No,3,FREE FIRE,Regular,Paid,2,Positive,Bored,No feeling,No,No,Yes
26,Master's Level,Female,4,5,21,Mobile,10:30:00 AM,No,3,CALL OF DUTY,Regular,Paid,2,Depressed,Bored,No feeling,No,No,No
19,Bachelor Level,Male,3,4,19,Mobile,10:30:00 AM,Yes,5,PES,Regular,Non Paid,2,Angry,Excited,No feeling,No,Yes,Yes
26,Master's Level,Male,3,3.18,22,Mobile,1:30:00 AM,Yes,3,IGA,Not regular,Paid,3,Positive,Bored,Stressed,Yes,Yes,No
27,Master's Level,Male,3.12,4,21,Mobile,1:30:00 AM,No,5,COC,Regular,Paid,2,Positive,Bored,No feeling,No,Yes,No
27,Master's Level,Male,2.76,4.75,20,Mobile,10:30:00 AM,No,6,IGA,Regular,Non Paid,3,Angry,Bored,Excited to complete level,Yes,No,No
18,Bachelor Level,Female,4,4.22,20,PC,1:30:00 AM,No,2,CALL OF DUTY,Regular,Paid,2,Positive,Bored,Excited to complete level,No,Yes,No
19,Bachelor Level,Female,3.19,4.5,19,Mobile,11:30:00 AM,Yes,5,FIFA,Regular,Non Paid,3,Depressed,Bored,No feeling,No,No,Yes
20,Bachelor Level,Female,3.04,4,20,Mobile,1:30:00 AM,No,3,FIFA,Not regular,Non Paid,3,Angry,Excited,Stressed,No,Yes,No
22,Bachelor Level,Female,2,3.86,21,PC,12:30:00 PM,No,2,PUBG,Not regular,Non Paid,3,Positive,Bored,Stressed,Yes,Yes,Yes
18,Bachelor Level,Male,3,3.9,21,PC,2:30:00 AM,Yes,3,PUBG,Not regular,Non Paid,4,Depressed,Excited,No feeling,No,Yes,Yes
28,Master's Level,Male,2.75,4,23,PC,10:30:00 AM,Yes,6,FIFA,Regular,Paid,2,Positive,Bored,Stressed,Yes,No,Yes
20,Bachelor Level,Female,3,3.59,20,Mobile,11:30:00 AM,No,2,IGA,Not regular,Non Paid,3,Depressed,Bored,Excited to complete level,Yes,Yes,Yes
20,Bachelor Level,Female,2.69,4,18,Mobile,10:30:00 AM,Yes,2,FIFA,Not regular,Paid,4,Depressed,Excited,No feeling,Yes,Yes,Yes
19,Bachelor Level,Male,2.34,3,21,PC,11:30:00 AM,Yes,3,FREE FIRE,Not regular,Non Paid,2,Positive,Bored,No feeling,Yes,Yes,Yes
27,Master's Level,Male,2.33,4,20,Mobile,1:30:00 AM,Yes,5,PES,Regular,Non Paid,4,Positive,Excited,No feeling,No,No,Yes
23,Bachelor Level,Female,2.6,5,20,Mobile,1:30:00 AM,Yes,6,COC,Not regular,Paid,3,Depressed,Excited,No feeling,No,No,Yes
24,Bachelor Level,Female,2.5,3.6,20,Mobile,10:30:00 AM,Yes,3,IGA,Regular,Non Paid,2,Positive,Bored,Excited to complete level,Yes,No,No
23,Bachelor Level,Male,3,3.5,19,Mobile,11:30:00 AM,Yes,6,FREE FIRE,Not regular,Paid,3,Angry,Bored,No feeling,Yes,No,Yes
23,Bachelor Level,Male,3.02,4.5,18,PC,2:30:00 AM,No,2,COC,Regular,Non Paid,4,Upset,Excited,No feeling,Yes,No,Yes
21,Bachelor Level,Female,3.02,3.95,21,Mobile,12:30:00 PM,Yes,4,PES,Not regular,Non Paid,4,Depressed,Excited,Stressed,Yes,Yes,No
20,Bachelor Level,Male,3.4,4.52,21,Mobile,2:30:00 AM,No,6,FREE FIRE,Not regular,Non Paid,2,Depressed,Excited,Stressed,No,No,Yes
27,Master's Level,Male,3,4.45,21,PC,10:30:00 AM,No,3,IGA,Regular,Non Paid,4,Positive,Bored,Excited to complete level,Yes,Yes,Yes
20,Bachelor Level,Male,2.5,5,19,PC,1:30:00 AM,Yes,3,PUBG,Not regular,Paid,2,Upset,Bored,Stressed,No,Yes,Yes
19,Bachelor Level,Male,3,5,18,PC,2:30:00 AM,No,6,FIFA,Not regular,Non Paid,4,Depressed,Excited,Excited to complete level,No,No,No
18,Bachelor Level,Female,3.2,3,20,PC,11:30:00 AM,No,5,PES,Not regular,Non Paid,3,Upset,Bored,No feeling,Yes,No,No
28,Master's Level,Male,4.35,4.36,21,PC,12:30:00 PM,No,2,FIFA,Not regular,Paid,2,Depressed,Excited,Stressed,Yes,No,No
24,Bachelor Level,Female,3,4,19,PC,10:30:00 AM,No,5,PES,Regular,Non Paid,2,Angry,Bored,Excited to complete level,Yes,No,No
18,Bachelor Level,Male,2,4,19,Mobile,12:30:00 PM,Yes,6,COC,Regular,Non Paid,4,Positive,Excited,Stressed,No,No,No
18,Bachelor Level,Male,4,4.22,21,Mobile,12:30:00 PM,No,3,FREE FIRE,Regular,Non Paid,4,Angry,Bored,Stressed,No,No,No
19,Bachelor Level,Male,3.44,4,18,Mobile,10:30:00 AM,No,6,FIFA,Not regular,Paid,4,Positive,Excited,No feeling,No,Yes,Yes
27,Master's Level,Male,3.98,5,22,PC,11:30:00 AM,Yes,4,IGA,Not regular,Paid,2,Depressed,Excited,No feeling,No,No,No
28,Master's Level,Female,3.82,4.65,20,Mobile,2:30:00 AM,Yes,4,CALL OF DUTY,Not regular,Non Paid,4,Positive,Bored,No feeling,No,No,Yes
19,Bachelor Level,Male,2,4.15,18,Mobile,2:30:00 AM,No,6,PES,Not regular,Non Paid,2,Upset,Bored,Stressed,No,No,Yes
23,Bachelor Level,Male,2.77,4.71,18,Mobile,12:30:00 PM,Yes,3,COC,Regular,Paid,2,Depressed,Excited,No feeling,No,Yes,No
24,Bachelor Level,Female,2,4.04,21,PC,2:30:00 AM,Yes,3,PES,Not regular,Paid,3,Depressed,Bored,Stressed,Yes,No,Yes
21,Bachelor Level,Female,4,5,20,PC,11:30:00 AM,No,2,CALL OF DUTY,Regular,Paid,4,Positive,Bored,No feeling,No,Yes,Yes
25,Master's Level,Male,3,5,21,PC,11:30:00 AM,Yes,5,COC,Regular,Non Paid,2,Depressed,Bored,Stressed,Yes,No,No
18,Bachelor Level,Female,4,5,19,Mobile,2:30:00 AM,No,6,FIFA,Regular,Paid,4,Upset,Excited,Excited to complete level,No,Yes,No
28,Master's Level,Male,3.63,4,20,Mobile,11:30:00 AM,No,2,COC,Regular,Non Paid,4,Depressed,Bored,Stressed,No,No,No
20,Bachelor Level,Female,3.84,5,18,Mobile,2:30:00 AM,Yes,2,FIFA,Not regular,Non Paid,4,Angry,Bored,Excited to complete level,No,Yes,Yes
28,Master's Level,Female,4,4.16,21,PC,12:30:00 PM,Yes,2,COC,Not regular,Non Paid,4,Depressed,Bored,No feeling,No,No,No
23,Bachelor Level,Male,2.64,4.44,21,PC,1:30:00 AM,Yes,2,CALL OF DUTY,Regular,Non Paid,2,Positive,Bored,Stressed,Yes,No,No
24,Bachelor Level,Female,2,4,20,PC,10:30:00 AM,Yes,5,FREE FIRE,Not regular,Non Paid,2,Upset,Excited,Stressed,Yes,Yes,No
24,Bachelor Level,Female,3.41,5,19,PC,12:30:00 PM,No,3,COC,Not regular,Non Paid,4,Positive,Bored,No feeling,Yes,Yes,Yes
21,Bachelor Level,Male,3.48,3.8,18,Mobile,2:30:00 AM,No,6,COC,Not regular,Non Paid,2,Depressed,Bored,Excited to complete level,Yes,Yes,No
26,Master's Level,Male,3.69,4.28,21,Mobile,11:30:00 AM,No,6,COC,Regular,Non Paid,2,Angry,Excited,Stressed,Yes,No,No
28,Master's Level,Male,2.27,3,21,PC,10:30:00 AM,Yes,2,CALL OF DUTY,Not regular,Paid,2,Positive,Bored,Excited to complete level,No,No,Yes
26,Master's Level,Male,2.61,4.03,24,Mobile,1:30:00 AM,Yes,6,COC,Regular,Non Paid,3,Positive,Bored,Excited to complete level,Yes,No,No
26,Master's Level,Female,2.43,4,22,PC,2:30:00 AM,Yes,4,COC,Not regular,Non Paid,3,Upset,Bored,Excited to complete level,No,No,Yes
28,Master's Level,Female,2.84,4,21,Mobile,2:30:00 AM,No,3,PES,Regular,Paid,3,Angry,Excited,No feeling,No,No,Yes
20,Bachelor Level,Female,4.33,3.01,20,PC,10:30:00 AM,No,3,FIFA,Not regular,Paid,2,Depressed,Excited,Stressed,No,Yes,No
26,Master's Level,Male,4.46,4.02,24,Mobile,11:30:00 AM,Yes,5,CALL OF DUTY,Regular,Non Paid,2,Positive,Excited,No feeling,No,Yes,Yes
21,Bachelor Level,Male,3,5,19,PC,10:30:00 AM,No,4,IGA,Not regular,Paid,3,Angry,Bored,Excited to complete level,No,No,No
21,Bachelor Level,Male,3.40 ,4,21,Mobile,2:30:00 AM,Yes,3,CALL OF DUTY,Not regular,Non Paid,2,Angry,Excited,No feeling,No,Yes,No
28,Master's Level,Male,3,4,23,Mobile,1:30:00 AM,Yes,6,FREE FIRE,Regular,Non Paid,2,Positive,Excited,Excited to complete level,No,Yes,Yes
19,Bachelor Level,Male,2.86,3.5,18,PC,1:30:00 AM,No,3,IGA,Regular,Non Paid,4,Depressed,Bored,Stressed,Yes,No,Yes
19,Bachelor Level,Male,3.59,3,18,Mobile,11:30:00 AM,No,3,CALL OF DUTY,Not regular,Paid,2,Angry,Excited,Stressed,No,No,Yes
23,Bachelor Level,Male,3,4,18,PC,11:30:00 AM,Yes,5,PES,Not regular,Non Paid,2,Angry,Excited,Stressed,No,Yes,No
21,Bachelor Level,Female,3.02,5,19,PC,1:30:00 AM,Yes,5,CALL OF DUTY,Regular,Non Paid,2,Positive,Bored,Stressed,Yes,Yes,No
20,Bachelor Level,Male,4.71,5,18,Mobile,1:30:00 AM,Yes,3,CALL OF DUTY,Regular,Non Paid,2,Upset,Excited,Stressed,No,No,No
21,Bachelor Level,Female,3.84,4,18,PC,12:30:00 PM,No,6,FREE FIRE,Regular,Non Paid,4,Depressed,Excited,Excited to complete level,Yes,Yes,No
19,Bachelor Level,Male,4,3,20,PC,11:30:00 AM,Yes,5,PES,Regular,Non Paid,4,Upset,Excited,Stressed,Yes,Yes,No
24,Bachelor Level,Male,3,3.55,20,PC,11:30:00 AM,No,4,FREE FIRE,Regular,Non Paid,2,Positive,Excited,No feeling,No,No,No
22,Bachelor Level,Male,2.8,4,19,PC,10:30:00 AM,No,6,CALL OF DUTY,Not regular,Paid,3,Angry,Excited,Stressed,No,Yes,Yes
19,Bachelor Level,Female,2,3.75,21,Mobile,10:30:00 AM,Yes,5,IGA,Regular,Paid,3,Depressed,Excited,Stressed,Yes,No,No
24,Bachelor Level,Female,3.98,3,20,Mobile,11:30:00 AM,No,6,CALL OF DUTY,Not regular,Paid,4,Angry,Bored,Stressed,No,Yes,Yes
22,Bachelor Level,Female,2.79,4.42,19,PC,10:30:00 AM,Yes,3,FIFA,Not regular,Paid,4,Upset,Bored,Excited to complete level,No,No,Yes
24,Bachelor Level,Male,2.97,3.98,18,PC,2:30:00 AM,No,4,COC,Regular,Paid,4,Depressed,Bored,Excited to complete level,Yes,Yes,No
24,Bachelor Level,Female,3,3.11,18,PC,2:30:00 AM,No,2,PUBG,Regular,Non Paid,4,Positive,Bored,No feeling,No,Yes,No
26,Master's Level,Female,3,4.03,21,PC,11:30:00 AM,No,5,CALL OF DUTY,Regular,Non Paid,4,Angry,Excited,Excited to complete level,No,No,No
21,Bachelor Level,Female,2.68,4.08,18,PC,2:30:00 AM,Yes,2,PUBG,Regular,Non Paid,3,Angry,Excited,No feeling,Yes,No,No
23,Bachelor Level,Male,3.85,5,19,PC,12:30:00 PM,No,2,COC,Not regular,Non Paid,4,Depressed,Bored,Stressed,Yes,No,No
27,Master's Level,Male,3.35,2.16,24,PC,10:30:00 AM,No,5,PUBG,Not regular,Non Paid,3,Angry,Bored,No feeling,Yes,Yes,Yes
24,Bachelor Level,Male,3,2,21,Mobile,10:30:00 AM,Yes,3,PES,Regular,Paid,3,Angry,Excited,Stressed,Yes,No,No
20,Bachelor Level,Male,4,5,21,PC,12:30:00 PM,Yes,2,FREE FIRE,Regular,Non Paid,3,Angry,Bored,Excited to complete level,No,Yes,Yes
23,Bachelor Level,Female,3,3.93,18,PC,2:30:00 AM,No,5,COC,Regular,Non Paid,2,Positive,Excited,Excited to complete level,Yes,Yes,Yes
25,Master's Level,Male,3,4.8,23,PC,10:30:00 AM,Yes,3,COC,Not regular,Non Paid,4,Upset,Bored,Stressed,Yes,Yes,Yes
26,Master's Level,Male,2.2,4.29,24,Mobile,10:30:00 AM,No,2,FIFA,Not regular,Non Paid,4,Depressed,Bored,Stressed,No,Yes,No
28,Master's Level,Male,3,3,22,PC,12:30:00 PM,No,2,FIFA,Regular,Non Paid,2,Positive,Excited,Excited to complete level,Yes,Yes,No
20,Bachelor Level,Female,2,3.42,21,PC,1:30:00 AM,No,6,COC,Regular,Non Paid,2,Upset,Excited,Excited to complete level,No,No,Yes
28,Master's Level,Female,4,5,21,PC,11:30:00 AM,Yes,6,PUBG,Regular,Non Paid,2,Positive,Bored,No feeling,Yes,Yes,No
18,Bachelor Level,Female,2.32,3.61,19,PC,10:30:00 AM,Yes,2,CALL OF DUTY,Regular,Non Paid,2,Upset,Bored,No feeling,Yes,Yes,No
22,Bachelor Level,Male,2,3.39,19,Mobile,1:30:00 AM,No,3,IGA,Not regular,Non Paid,4,Depressed,Bored,No feeling,Yes,No,Yes
19,Bachelor Level,Male,3,3.75,21,Mobile,12:30:00 PM,Yes,6,IGA,Not regular,Paid,4,Positive,Bored,Excited to complete level,Yes,Yes,No
21,Bachelor Level,Male,2.6,3.19,20,Mobile,2:30:00 AM,Yes,4,IGA,Regular,Paid,3,Positive,Bored,Excited to complete level,Yes,No,No
24,Bachelor Level,Male,2.54,3,20,Mobile,1:30:00 AM,Yes,6,FIFA,Regular,Non Paid,3,Upset,Bored,Stressed,Yes,Yes,Yes
23,Bachelor Level,Male,3.19,3,21,PC,11:30:00 AM,Yes,5,PUBG,Regular,Paid,4,Angry,Bored,Excited to complete level,Yes,Yes,Yes
23,Bachelor Level,Male,3,3,18,PC,2:30:00 AM,Yes,4,IGA,Not regular,Paid,4,Angry,Excited,Stressed,Yes,No,No
20,Bachelor Level,Female,3.96,4.03,19,Mobile,1:30:00 AM,No,3,IGA,Not regular,Paid,2,Depressed,Bored,Stressed,Yes,Yes,Yes
23,Bachelor Level,Female,2.6,3.03,20,Mobile,12:30:00 PM,No,6,FREE FIRE,Not regular,Non Paid,3,Positive,Bored,No feeling,No,No,No
22,Bachelor Level,Male,3,3.54,20,Mobile,2:30:00 AM,No,4,PUBG,Not regular,Paid,4,Depressed,Excited,No feeling,Yes,Yes,Yes
24,Bachelor Level,Female,3,3.81,18,Mobile,10:30:00 AM,Yes,5,PUBG,Regular,Paid,2,Upset,Bored,Excited to complete level,No,Yes,Yes
18,Bachelor Level,Male,2.5,4,18,Mobile,11:30:00 AM,No,6,CALL OF DUTY,Regular,Paid,3,Angry,Bored,Excited to complete level,Yes,No,No
19,Bachelor Level,Male,3.01,4,18,PC,11:30:00 AM,Yes,2,FREE FIRE,Regular,Paid,2,Upset,Bored,No feeling,No,No,No
23,Bachelor Level,Female,2.19,3.35,21,Mobile,10:30:00 AM,No,5,IGA,Regular,Paid,2,Angry,Bored,No feeling,No,No,No
18,Bachelor Level,Male,5,3.62,21,Mobile,11:30:00 AM,Yes,6,PES,Not regular,Paid,4,Positive,Excited,Excited to complete level,No,Yes,Yes
22,Bachelor Level,Female,3,3.65,20,Mobile,11:30:00 AM,Yes,2,CALL OF DUTY,Not regular,Paid,4,Positive,Bored,Excited to complete level,Yes,No,No
28,Master's Level,Female,4.55,4.2,22,Mobile,2:30:00 AM,Yes,3,FREE FIRE,Regular,Non Paid,3,Depressed,Bored,Stressed,Yes,Yes,No
24,Bachelor Level,Female,2.56,4.13,20,PC,10:30:00 AM,No,6,IGA,Regular,Paid,3,Positive,Bored,No feeling,No,No,No
21,Bachelor Level,Male,2,3.82,21,PC,12:30:00 PM,Yes,4,PES,Not regular,Non Paid,4,Positive,Excited,No feeling,No,No,Yes
27,Master's Level,Male,4,4.72,20,PC,12:30:00 PM,No,2,FREE FIRE,Not regular,Paid,4,Positive,Bored,Excited to complete level,Yes,No,No
24,Bachelor Level,Female,3.5,4,21,Mobile,11:30:00 AM,No,6,FREE FIRE,Not regular,Non Paid,4,Angry,Bored,No feeling,No,No,Yes
28,Master's Level,Male,3,5,24,Mobile,10:30:00 AM,Yes,5,COC,Regular,Non Paid,4,Angry,Bored,Excited to complete level,Yes,No,No
26,Master's Level,Female,3.51,4.72,20,Mobile,2:30:00 AM,No,2,COC,Regular,Non Paid,4,Depressed,Bored,Stressed,Yes,Yes,No
23,Bachelor Level,Female,4,4,21,PC,11:30:00 AM,Yes,5,COC,Not regular,Paid,4,Positive,Excited,Stressed,Yes,Yes,No
23,Bachelor Level,Female,3,5,20,PC,2:30:00 AM,No,4,PUBG,Not regular,Paid,3,Upset,Bored,Stressed,No,Yes,Yes
22,Bachelor Level,Female,4,2.74,19,PC,1:30:00 AM,No,2,COC,Not regular,Paid,3,Upset,Excited,No feeling,Yes,Yes,No
28,Master's Level,Male,2.6,4.46,24,Mobile,10:30:00 AM,Yes,4,FIFA,Not regular,Non Paid,3,Angry,Excited,Stressed,No,No,No
26,Master's Level,Female,3.52,5,21,PC,10:30:00 AM,No,5,COC,Not regular,Paid,3,Positive,Bored,Excited to complete level,No,No,Yes
18,Bachelor Level,Male,2,3.75,20,PC,1:30:00 AM,No,3,CALL OF DUTY,Not regular,Non Paid,2,Positive,Bored,Excited to complete level,Yes,Yes,Yes
19,Bachelor Level,Male,3.15,4,19,Mobile,10:30:00 AM,No,5,FIFA,Regular,Non Paid,3,Upset,Bored,Stressed,No,No,No
28,Master's Level,Male,3.23,4.54,22,PC,12:30:00 PM,Yes,5,CALL OF DUTY,Regular,Paid,4,Upset,Bored,Stressed,Yes,Yes,No
23,Bachelor Level,Female,2,4,19,Mobile,2:30:00 AM,No,4,CALL OF DUTY,Not regular,Non Paid,3,Upset,Excited,No feeling,No,Yes,Yes
27,Master's Level,Male,2.79,3.36,20,Mobile,12:30:00 PM,Yes,2,PUBG,Not regular,Paid,2,Upset,Bored,Excited to complete level,Yes,No,No
23,Bachelor Level,Female,3.20 ,4.9,18,PC,10:30:00 AM,No,3,IGA,Regular,Paid,3,Upset,Bored,Excited to complete level,No,No,Yes
21,Bachelor Level,Female,3.45,5,21,Mobile,2:30:00 AM,Yes,6,COC,Not regular,Non Paid,3,Angry,Bored,No feeling,No,Yes,No
26,Master's Level,Male,3,5,23,PC,1:30:00 AM,Yes,3,FREE FIRE,Regular,Non Paid,3,Positive,Excited,No feeling,Yes,Yes,Yes
20,Bachelor Level,Female,4,4.7,18,PC,11:30:00 AM,Yes,2,FREE FIRE,Not regular,Non Paid,4,Depressed,Excited,No feeling,No,Yes,Yes
20,Bachelor Level,Female,2,4.02,18,PC,11:30:00 AM,No,2,COC,Regular,Non Paid,2,Angry,Excited,Stressed,Yes,Yes,No
22,Bachelor Level,Female,3,4,21,PC,11:30:00 AM,Yes,6,FIFA,Not regular,Non Paid,2,Depressed,Bored,Excited to complete level,Yes,Yes,Yes
22,Bachelor Level,Male,2.09,3,18,Mobile,12:30:00 PM,No,6,CALL OF DUTY,Regular,Non Paid,4,Positive,Bored,Stressed,No,No,No
20,Bachelor Level,Female,3.37,4.5,19,Mobile,2:30:00 AM,Yes,6,IGA,Regular,Non Paid,4,Angry,Bored,No feeling,No,No,Yes
21,Bachelor Level,Female,3,5,20,PC,1:30:00 AM,Yes,4,IGA,Not regular,Paid,3,Upset,Excited,No feeling,No,Yes,Yes
28,Master's Level,Female,2,4,23,PC,2:30:00 AM,No,4,COC,Regular,Paid,4,Angry,Excited,No feeling,Yes,No,Yes
20,Bachelor Level,Female,3.04,4.8,19,Mobile,1:30:00 AM,Yes,2,COC,Regular,Paid,2,Upset,Bored,No feeling,Yes,Yes,Yes
23,Bachelor Level,Female,3.10 ,4.16,21,PC,2:30:00 AM,Yes,3,CALL OF DUTY,Not regular,Paid,4,Upset,Excited,Stressed,Yes,No,No
28,Master's Level,Female,2.5,3.90 ,24,Mobile,10:30:00 AM,Yes,2,IGA,Regular,Paid,2,Positive,Excited,Stressed,No,No,Yes
26,Master's Level,Male,2,3.23,22,Mobile,10:30:00 AM,No,5,CALL OF DUTY,Not regular,Paid,3,Positive,Bored,No feeling,No,No,No
19,Bachelor Level,Male,3,3,21,PC,1:30:00 AM,Yes,3,PES,Regular,Paid,3,Positive,Excited,No feeling,Yes,No,No
25,Master's Level,Male,4,2.96,24,Mobile,2:30:00 AM,Yes,6,COC,Regular,Paid,2,Upset,Excited,Stressed,Yes,No,Yes
25,Master's Level,Female,3.3,3.37,21,PC,2:30:00 AM,No,3,FIFA,Not regular,Paid,3,Positive,Bored,Stressed,Yes,No,Yes
23,Bachelor Level,Male,2.65,3.76,18,PC,1:30:00 AM,Yes,6,CALL OF DUTY,Not regular,Paid,2,Depressed,Excited,Excited to complete level,Yes,No,No
27,Master's Level,Female,3.77,5,22,Mobile,12:30:00 PM,Yes,2,FREE FIRE,Regular,Paid,4,Positive,Bored,Excited to complete level,Yes,Yes,Yes
24,Bachelor Level,Female,3.01,4,19,PC,12:30:00 PM,Yes,6,PUBG,Regular,Non Paid,2,Upset,Bored,Excited to complete level,No,Yes,Yes
24,Bachelor Level,Female,2.41,5,20,PC,11:30:00 AM,No,5,IGA,Not regular,Paid,2,Positive,Bored,Excited to complete level,Yes,No,Yes
27,Master's Level,Female,4,5,22,Mobile,11:30:00 AM,No,5,CALL OF DUTY,Regular,Non Paid,3,Depressed,Excited,Stressed,No,No,No
22,Bachelor Level,Female,3,3,19,Mobile,12:30:00 PM,Yes,2,IGA,Regular,Paid,2,Angry,Excited,Excited to complete level,Yes,Yes,No
18,Bachelor Level,Male,4,4.73,19,PC,10:30:00 AM,No,3,FIFA,Not regular,Paid,2,Depressed,Excited,Excited to complete level,No,No,Yes
18,Bachelor Level,Female,2.53,3.03,18,PC,2:30:00 AM,No,4,PES,Regular,Paid,2,Upset,Bored,No feeling,Yes,No,Yes
22,Bachelor Level,Female,3.19,4.29,18,PC,1:30:00 AM,No,4,IGA,Not regular,Non Paid,2,Upset,Bored,No feeling,No,Yes,No
26,Master's Level,Male,3,4.15,22,Mobile,10:30:00 AM,Yes,6,PES,Regular,Non Paid,4,Angry,Bored,Stressed,Yes,No,No
19,Bachelor Level,Male,2.5,3.90 ,18,PC,11:30:00 AM,Yes,4,PUBG,Regular,Paid,4,Depressed,Bored,Excited to complete level,No,Yes,No
27,Master's Level,Male,3,5,24,Mobile,11:30:00 AM,No,4,PES,Not regular,Non Paid,4,Depressed,Excited,No feeling,No,No,Yes
18,Bachelor Level,Male,2.67,3.78,20,Mobile,1:30:00 AM,Yes,3,PUBG,Not regular,Paid,3,Angry,Excited,Stressed,No,No,Yes
24,Bachelor Level,Female,3,4,18,Mobile,11:30:00 AM,Yes,4,PUBG,Not regular,Non Paid,4,Depressed,Excited,Excited to complete level,No,No,No
20,Bachelor Level,Male,3,4.23,20,Mobile,2:30:00 AM,No,2,PES,Regular,Non Paid,4,Depressed,Excited,Excited to complete level,No,Yes,No
18,Bachelor Level,Female,3.67,3.17,18,Mobile,11:30:00 AM,Yes,6,FIFA,Not regular,Non Paid,2,Upset,Bored,Excited to complete level,No,Yes,No
24,Bachelor Level,Female,3,4.04,20,Mobile,10:30:00 AM,No,5,CALL OF DUTY,Not regular,Paid,3,Upset,Excited,Excited to complete level,Yes,Yes,No
24,Bachelor Level,Male,3,4.25,19,Mobile,2:30:00 AM,No,5,FIFA,Not regular,Paid,3,Angry,Bored,No feeling,Yes,Yes,Yes
18,Bachelor Level,Male,2.12,4.33,19,PC,1:30:00 AM,Yes,6,CALL OF DUTY,Not regular,Non Paid,3,Depressed,Bored,Excited to complete level,Yes,Yes,No
26,Master's Level,Female,3,4,23,Mobile,1:30:00 AM,No,5,CALL OF DUTY,Regular,Paid,2,Positive,Bored,Stressed,Yes,Yes,Yes
19,Bachelor Level,Female,3,4.83,20,PC,10:30:00 AM,No,6,PES,Regular,Paid,4,Depressed,Bored,No feeling,Yes,Yes,Yes
19,Bachelor Level,Female,3,4.20 ,19,PC,1:30:00 AM,Yes,3,COC,Regular,Non Paid,2,Positive,Excited,No feeling,No,Yes,No
27,Master's Level,Male,2.98,4,22,PC,12:30:00 PM,Yes,2,FIFA,Not regular,Paid,2,Depressed,Bored,Stressed,Yes,Yes,Yes
24,Bachelor Level,Female,3.25,4.43,19,Mobile,11:30:00 AM,Yes,4,CALL OF DUTY,Regular,Non Paid,4,Depressed,Bored,No feeling,Yes,No,No
22,Bachelor Level,Male,2,4,21,Mobile,11:30:00 AM,Yes,3,FREE FIRE,Not regular,Paid,2,Positive,Excited,Stressed,No,No,No
18,Bachelor Level,Female,3.75,5,20,Mobile,10:30:00 AM,No,2,CALL OF DUTY,Regular,Paid,3,Depressed,Bored,Excited to complete level,No,Yes,No
26,Master's Level,Female,3.96,5,22,PC,1:30:00 AM,No,2,IGA,Not regular,Paid,4,Depressed,Excited,Stressed,Yes,No,No
22,Bachelor Level,Male,2.9,4.50 ,19,PC,10:30:00 AM,No,5,FREE FIRE,Not regular,Paid,4,Depressed,Bored,Excited to complete level,Yes,No,Yes
21,Bachelor Level,Male,3,4.55,19,Mobile,11:30:00 AM,No,3,FREE FIRE,Regular,Paid,2,Positive,Bored,No feeling,No,No,Yes
21,Bachelor Level,Female,2.88,5,21,PC,11:30:00 AM,No,6,FIFA,Regular,Paid,3,Angry,Excited,Stressed,No,Yes,Yes
26,Master's Level,Female,3.21,3,21,Mobile,10:30:00 AM,No,3,CALL OF DUTY,Regular,Paid,2,Depressed,Bored,No feeling,No,No,No
20,Bachelor Level,Female,3.37,2,20,Mobile,1:30:00 AM,Yes,5,PUBG,Not regular,Non Paid,4,Upset,Bored,Excited to complete level,No,No,No
19,Bachelor Level,Male,3,4,19,Mobile,10:30:00 AM,Yes,5,PES,Regular,Non Paid,2,Angry,Excited,No feeling,No,Yes,Yes
26,Master's Level,Male,3,3.18,22,Mobile,1:30:00 AM,Yes,3,IGA,Not regular,Paid,3,Positive,Bored,Stressed,Yes,Yes,No
21,Bachelor Level,Female,3.77,4.21,20,Mobile,12:30:00 PM,No,5,IGA,Regular,Non Paid,2,Upset,Excited,Stressed,Yes,Yes,No
27,Master's Level,Male,3.12,4,21,Mobile,1:30:00 AM,No,5,COC,Regular,Paid,2,Positive,Bored,No feeling,No,Yes,No
24,Bachelor Level,Male,2.24,4.91,21,Mobile,1:30:00 AM,Yes,3,FIFA,Not regular,Paid,4,Depressed,Bored,No feeling,No,Yes,No
27,Master's Level,Male,2.76,4.75,20,Mobile,10:30:00 AM,No,6,IGA,Regular,Non Paid,3,Angry,Bored,Excited to complete level,Yes,No,No
21,Bachelor Level,Male,3.77,5,18,PC,10:30:00 AM,No,2,IGA,Not regular,Paid,2,Upset,Excited,Stressed,Yes,Yes,Yes
18,Bachelor Level,Female,4,4.22,20,PC,1:30:00 AM,No,2,CALL OF DUTY,Regular,Paid,2,Positive,Bored,Excited to complete level,No,Yes,No
24,Bachelor Level,Male,3,4,18,Mobile,10:30:00 AM,No,4,PUBG,Not regular,Non Paid,2,Upset,Excited,No feeling,Yes,Yes,Yes
19,Bachelor Level,Female,3.19,5,19,Mobile,11:30:00 AM,Yes,5,FIFA,Regular,Non Paid,3,Depressed,Bored,No feeling,No,No,Yes
20,Bachelor Level,Female,3.04,4,20,Mobile,1:30:00 AM,No,3,FIFA,Not regular,Non Paid,3,Angry,Excited,Stressed,No,Yes,No
27,Master's Level,Female,2,3.59,22,PC,10:30:00 AM,No,4,COC,Regular,Non Paid,2,Angry,Bored,No feeling,Yes,No,No
22,Bachelor Level,Female,4,5,21,PC,12:30:00 PM,No,2,PUBG,Not regular,Non Paid,3,Positive,Bored,Stressed,Yes,Yes,Yes
18,Bachelor Level,Male,3,4.31,21,PC,2:30:00 AM,Yes,3,PUBG,Not regular,Non Paid,4,Depressed,Excited,No feeling,No,Yes,Yes
21,Bachelor Level,Female,2.3,3,19,PC,12:30:00 PM,Yes,6,FREE FIRE,Not regular,Paid,3,Depressed,Bored,Stressed,Yes,Yes,No
24,Bachelor Level,Female,3,3,21,PC,10:30:00 AM,Yes,6,IGA,Not regular,Non Paid,4,Angry,Excited,Stressed,Yes,Yes,No
28,Master's Level,Male,2.75,4,23,PC,10:30:00 AM,Yes,6,FIFA,Regular,Paid,2,Positive,Bored,Stressed,Yes,No,Yes
18,Bachelor Level,Female,3.21,4,18,Mobile,1:30:00 AM,No,5,CALL OF DUTY,Not regular,Non Paid,3,Angry,Excited,Excited to complete level,No,No,No
20,Bachelor Level,Female,3,3.59,20,Mobile,11:30:00 AM,No,2,IGA,Not regular,Non Paid,3,Depressed,Bored,Excited to complete level,Yes,Yes,Yes
18,Bachelor Level,Female,3.22,4,19,Mobile,11:30:00 AM,No,6,FREE FIRE,Regular,Non Paid,4,Depressed,Excited,Stressed,No,Yes,No
20,Bachelor Level,Female,3.5,4,18,Mobile,10:30:00 AM,Yes,2,FIFA,Not regular,Paid,4,Depressed,Excited,No feeling,Yes,Yes,Yes
19,Bachelor Level,Male,2.34,3,21,PC,11:30:00 AM,Yes,3,FREE FIRE,Not regular,Non Paid,2,Positive,Bored,No feeling,Yes,Yes,Yes
21,Bachelor Level,Male,3.62,4.78,18,PC,12:30:00 PM,No,2,PUBG,Not regular,Non Paid,2,Upset,Bored,No feeling,Yes,No,No
27,Master's Level,Male,3.33,5,20,Mobile,1:30:00 AM,Yes,5,PES,Regular,Non Paid,4,Positive,Excited,No feeling,No,No,Yes
26,Master's Level,Female,3.51,4.7,24,PC,2:30:00 AM,No,5,PUBG,Not regular,Non Paid,3,Upset,Bored,Stressed,Yes,No,No
23,Bachelor Level,Female,3,5,20,Mobile,1:30:00 AM,Yes,6,COC,Not regular,Paid,3,Depressed,Excited,No feeling,No,No,Yes
24,Bachelor Level,Female,3,4,20,Mobile,10:30:00 AM,Yes,3,IGA,Regular,Non Paid,2,Positive,Bored,Excited to complete level,Yes,No,No
19,Bachelor Level,Male,4,3.38,19,Mobile,11:30:00 AM,No,3,FIFA,Not regular,Paid,3,Positive,Bored,Excited to complete level,No,No,Yes
23,Bachelor Level,Male,4,5,19,Mobile,11:30:00 AM,Yes,6,FREE FIRE,Not regular,Paid,3,Angry,Bored,No feeling,Yes,No,Yes
23,Bachelor Level,Male,3.02,5,18,PC,2:30:00 AM,No,2,COC,Regular,Non Paid,4,Upset,Excited,No feeling,Yes,No,Yes
21,Bachelor Level,Female,4,4.50 ,21,Mobile,12:30:00 PM,Yes,4,PES,Not regular,Non Paid,4,Depressed,Excited,Stressed,Yes,Yes,No
21,Bachelor Level,Female,3.16,5,19,PC,2:30:00 AM,No,2,IGA,Regular,Paid,2,Depressed,Excited,Excited to complete level,Yes,No,Yes
26,Master's Level,Male,3,5,24,PC,11:30:00 AM,Yes,4,FREE FIRE,Regular,Non Paid,4,Angry,Excited,Excited to complete level,Yes,Yes,No
20,Bachelor Level,Male,2,4,21,Mobile,2:30:00 AM,No,6,FREE FIRE,Not regular,Non Paid,2,Depressed,Excited,Stressed,No,No,Yes
22,Bachelor Level,Male,3,4.54,18,Mobile,10:30:00 AM,No,6,IGA,Not regular,Non Paid,2,Positive,Bored,Excited to complete level,Yes,Yes,No
27,Master's Level,Male,4,4.45,21,PC,10:30:00 AM,No,3,IGA,Regular,Non Paid,4,Positive,Bored,Excited to complete level,Yes,Yes,Yes
21,Bachelor Level,Male,3,4.14,19,Mobile,12:30:00 PM,Yes,6,FIFA,Not regular,Paid,3,Upset,Excited,Stressed,No,Yes,No
20,Bachelor Level,Male,3,5,19,PC,1:30:00 AM,Yes,3,PUBG,Not regular,Paid,2,Upset,Bored,Stressed,No,Yes,Yes
24,Bachelor Level,Female,2.23,4,18,PC,10:30:00 AM,Yes,4,CALL OF DUTY,Regular,Non Paid,4,Positive,Excited,Stressed,No,No,No
27,Master's Level,Female,2.09,4.15,20,PC,10:30:00 AM,Yes,6,PUBG,Regular,Non Paid,2,Depressed,Bored,Stressed,No,Yes,Yes
21,Bachelor Level,Female,2,5,20,PC,11:30:00 AM,Yes,6,PUBG,Regular,Paid,4,Positive,Bored,Stressed,Yes,No,Yes
18,Bachelor Level,Female,3.7,3,20,PC,11:30:00 AM,No,5,PES,Not regular,Non Paid,3,Upset,Bored,No feeling,Yes,No,No
19,Bachelor Level,Male,3,3.47,18,PC,2:30:00 AM,No,6,FIFA,Not regular,Non Paid,4,Depressed,Excited,Excited to complete level,No,No,No
18,Bachelor Level,Female,3.76,4.17,21,Mobile,1:30:00 AM,Yes,2,FREE FIRE,Not regular,Non Paid,2,Depressed,Bored,Stressed,No,Yes,Yes
28,Master's Level,Male,3.35,4.36,21,PC,12:30:00 PM,No,2,FIFA,Not regular,Paid,2,Depressed,Excited,Stressed,Yes,No,No
24,Bachelor Level,Female,3,4,19,PC,10:30:00 AM,No,5,PES,Regular,Non Paid,2,Angry,Bored,Excited to complete level,Yes,No,No
25,Master's Level,Female,3.99,5,23,Mobile,10:30:00 AM,Yes,4,FIFA,Not regular,Paid,3,Upset,Bored,No feeling,Yes,No,No
18,Bachelor Level,Male,2,3.8,19,Mobile,12:30:00 PM,Yes,6,COC,Regular,Non Paid,4,Positive,Excited,Stressed,No,No,No
28,Master's Level,Male,2.89,4.48,20,Mobile,2:30:00 AM,Yes,5,PES,Not regular,Non Paid,4,Angry,Bored,No feeling,No,Yes,No
18,Bachelor Level,Male,4,4.22,21,Mobile,12:30:00 PM,No,3,FREE FIRE,Regular,Non Paid,4,Angry,Bored,Stressed,No,No,No
19,Bachelor Level,Male,3.44,2.8,18,Mobile,10:30:00 AM,No,6,FIFA,Not regular,Paid,4,Positive,Excited,No feeling,No,Yes,Yes
22,Bachelor Level,Female,3,3.5,18,Mobile,2:30:00 AM,No,4,CALL OF DUTY,Regular,Paid,2,Upset,Bored,Excited to complete level,Yes,No,No
27,Master's Level,Male,3.98,5,22,PC,11:30:00 AM,Yes,4,IGA,Not regular,Paid,2,Depressed,Excited,No feeling,No,No,No
24,Bachelor Level,Female,3.05,4.5,20,PC,1:30:00 AM,Yes,6,PES,Regular,Paid,4,Depressed,Bored,Stressed,Yes,Yes,No
18,Bachelor Level,Male,2.31,3,20,PC,2:30:00 AM,Yes,2,PUBG,Not regular,Non Paid,4,Depressed,Bored,Stressed,No,Yes,No
28,Master's Level,Female,3.82,4.65,20,Mobile,2:30:00 AM,Yes,4,CALL OF DUTY,Not regular,Non Paid,4,Positive,Bored,No feeling,No,No,Yes
19,Bachelor Level,Male,2,4.15,18,Mobile,2:30:00 AM,No,6,PES,Not regular,Non Paid,2,Upset,Bored,Stressed,No,No,Yes
27,Master's Level,Female,3,4.82,23,PC,2:30:00 AM,No,2,FREE FIRE,Not regular,Paid,2,Upset,Excited,Stressed,Yes,Yes,Yes
23,Bachelor Level,Male,2.77,4.71,18,Mobile,12:30:00 PM,Yes,3,COC,Regular,Paid,2,Depressed,Excited,No feeling,No,Yes,No
24,Bachelor Level,Female,2,4,21,PC,2:30:00 AM,Yes,3,PES,Not regular,Paid,3,Depressed,Bored,Stressed,Yes,No,Yes
21,Bachelor Level,Female,3.5,5,21,PC,2:30:00 AM,Yes,4,CALL OF DUTY,Not regular,Non Paid,3,Upset,Bored,Excited to complete level,Yes,Yes,No
22,Bachelor Level,Male,3,4,21,Mobile,12:30:00 PM,No,2,PES,Not regular,Paid,2,Angry,Excited,No feeling,No,No,No
21,Bachelor Level,Female,3.64,5,20,PC,11:30:00 AM,No,2,CALL OF DUTY,Regular,Paid,4,Positive,Bored,No feeling,No,Yes,Yes
19,Bachelor Level,Male,4,3.63,20,PC,11:30:00 AM,No,5,FREE FIRE,Regular,Non Paid,3,Depressed,Excited,Stressed,No,Yes,No
25,Master's Level,Male,3,2,21,PC,11:30:00 AM,Yes,5,COC,Regular,Non Paid,2,Depressed,Bored,Stressed,Yes,No,No
24,Bachelor Level,Female,3,4,18,PC,12:30:00 PM,No,3,PUBG,Not regular,Paid,4,Angry,Bored,No feeling,No,Yes,Yes
18,Bachelor Level,Female,3,4,19,Mobile,2:30:00 AM,No,6,FIFA,Regular,Paid,4,Upset,Excited,Excited to complete level,No,Yes,No
23,Bachelor Level,Male,3,4.08,19,Mobile,11:30:00 AM,No,2,COC,Regular,Paid,4,Depressed,Excited,No feeling,No,Yes,No
28,Master's Level,Male,3.63,5,20,Mobile,11:30:00 AM,No,2,COC,Regular,Non Paid,4,Depressed,Bored,Stressed,No,No,No
27,Master's Level,Female,3.21,4,21,PC,2:30:00 AM,No,3,IGA,Regular,Non Paid,2,Upset,Bored,Stressed,Yes,No,Yes
25,Master's Level,Male,2.04,3,22,Mobile,12:30:00 PM,Yes,5,CALL OF DUTY,Not regular,Paid,4,Depressed,Excited,Excited to complete level,Yes,No,No
20,Bachelor Level,Female,3.5,5,18,Mobile,2:30:00 AM,Yes,2,FIFA,Not regular,Non Paid,4,Angry,Bored,Excited to complete level,No,Yes,Yes
28,Master's Level,Female,4,5,21,PC,12:30:00 PM,Yes,2,COC,Not regular,Non Paid,4,Depressed,Bored,No feeling,No,No,No
23,Bachelor Level,Male,2.64,4.44,21,PC,1:30:00 AM,Yes,2,CALL OF DUTY,Regular,Non Paid,2,Positive,Bored,Stressed,Yes,No,No
25,Master's Level,Male,3,3,23,Mobile,1:30:00 AM,No,6,IGA,Not regular,Non Paid,3,Depressed,Bored,Excited to complete level,Yes,Yes,No
24,Bachelor Level,Female,2,4,20,PC,10:30:00 AM,Yes,5,FREE FIRE,Not regular,Non Paid,2,Upset,Excited,Stressed,Yes,Yes,No
18,Bachelor Level,Male,3.52,5,18,PC,12:30:00 PM,Yes,2,PES,Regular,Non Paid,2,Upset,Excited,Excited to complete level,Yes,Yes,No
19,Bachelor Level,Female,3.66,4,19,PC,11:30:00 AM,Yes,6,CALL OF DUTY,Not regular,Non Paid,3,Upset,Excited,No feeling,No,Yes,Yes
24,Bachelor Level,Female,3.41,5,19,PC,12:30:00 PM,No,3,COC,Not regular,Non Paid,4,Positive,Bored,No feeling,Yes,Yes,Yes
28,Master's Level,Female,3.03,4,24,Mobile,1:30:00 AM,No,4,CALL OF DUTY,Not regular,Non Paid,4,Angry,Bored,Stressed,Yes,No,Yes
21,Bachelor Level,Male,3.45,3.8,18,Mobile,2:30:00 AM,No,6,COC,Not regular,Non Paid,2,Depressed,Bored,Excited to complete level,Yes,Yes,No
23,Bachelor Level,Male,2.56,3,18,Mobile,1:30:00 AM,No,2,PES,Regular,Paid,3,Depressed,Bored,Stressed,No,No,No
26,Master's Level,Male,3.69,4.28,21,Mobile,11:30:00 AM,No,6,COC,Regular,Non Paid,2,Angry,Excited,Stressed,Yes,No,No
27,Master's Level,Female,3.39,2.35,22,Mobile,11:30:00 AM,No,4,COC,Regular,Paid,4,Positive,Excited,Excited to complete level,No,Yes,Yes
28,Master's Level,Male,2.27,3,21,PC,10:30:00 AM,Yes,2,CALL OF DUTY,Not regular,Paid,2,Positive,Bored,Excited to complete level,No,No,Yes
26,Master's Level,Male,2.61,4.03,24,Mobile,1:30:00 AM,Yes,6,COC,Regular,Non Paid,3,Positive,Bored,Excited to complete level,Yes,No,No
21,Bachelor Level,Male,3.51,4,20,PC,1:30:00 AM,No,2,IGA,Regular,Paid,2,Upset,Excited,Stressed,Yes,Yes,Yes
26,Master's Level,Female,2.43,4,22,PC,2:30:00 AM,Yes,4,COC,Not regular,Non Paid,3,Upset,Bored,Excited to complete level,No,No,Yes
23,Bachelor Level,Female,5,5,20,PC,12:30:00 PM,Yes,5,FREE FIRE,Regular,Non Paid,2,Angry,Excited,No feeling,No,Yes,Yes
28,Master's Level,Female,2.84,4,21,Mobile,2:30:00 AM,No,3,PES,Regular,Paid,3,Angry,Excited,No feeling,No,No,Yes
28,Master's Level,Female,2,3,24,PC,12:30:00 PM,Yes,4,IGA,Not regular,Paid,4,Angry,Excited,Excited to complete level,No,Yes,No
20,Bachelor Level,Female,2.5,3.01,20,PC,10:30:00 AM,No,3,FIFA,Not regular,Paid,2,Depressed,Excited,Stressed,No,Yes,No
20,Bachelor Level,Male,3,4,18,PC,2:30:00 AM,No,4,IGA,Regular,Non Paid,4,Depressed,Excited,Excited to complete level,Yes,No,No
26,Master's Level,Male,3,4.02,24,Mobile,11:30:00 AM,Yes,5,CALL OF DUTY,Regular,Non Paid,2,Positive,Excited,No feeling,No,Yes,Yes
24,Bachelor Level,Female,2.36,3.65,21,Mobile,1:30:00 AM,No,2,FREE FIRE,Not regular,Non Paid,2,Depressed,Excited,Excited to complete level,No,Yes,Yes
21,Bachelor Level,Male,3,5,19,PC,10:30:00 AM,No,4,IGA,Not regular,Paid,3,Angry,Bored,Excited to complete level,No,No,No
23,Bachelor Level,Male,2.5,2.23,21,PC,1:30:00 AM,Yes,2,PES,Regular,Non Paid,3,Positive,Bored,Excited to complete level,Yes,Yes,Yes
21,Bachelor Level,Male,3,4,21,Mobile,2:30:00 AM,Yes,3,CALL OF DUTY,Not regular,Non Paid,2,Angry,Excited,No feeling,No,Yes,No
21,Bachelor Level,Male,4,5,18,PC,1:30:00 AM,No,4,PES,Regular,Non Paid,4,Positive,Excited,Stressed,No,No,No
28,Master's Level,Male,3.8,4,23,Mobile,1:30:00 AM,Yes,6,FREE FIRE,Regular,Non Paid,2,Positive,Excited,Excited to complete level,No,Yes,Yes
20,Bachelor Level,Female,2.38,4,19,PC,1:30:00 AM,No,5,FIFA,Regular,Paid,2,Upset,Excited,Stressed,No,No,Yes
19,Bachelor Level,Male,2.86,4.5,18,PC,1:30:00 AM,No,3,IGA,Regular,Non Paid,4,Depressed,Bored,Stressed,Yes,No,Yes
19,Bachelor Level,Male,3.59,3,18,Mobile,11:30:00 AM,No,3,CALL OF DUTY,Not regular,Paid,2,Angry,Excited,Stressed,No,No,Yes
24,Bachelor Level,Female,2.87,4,21,Mobile,12:30:00 PM,Yes,2,PUBG,Regular,Paid,4,Depressed,Excited,No feeling,Yes,Yes,No
19,Bachelor Level,Male,3,4.66,21,Mobile,10:30:00 AM,No,3,IGA,Regular,Non Paid,2,Angry,Excited,Stressed,Yes,No,Yes
23,Bachelor Level,Male,3.75,5,18,PC,11:30:00 AM,Yes,5,PES,Not regular,Non Paid,2,Angry,Excited,Stressed,No,Yes,No
28,Master's Level,Female,2.18,5,21,PC,1:30:00 AM,No,2,FREE FIRE,Not regular,Non Paid,3,Angry,Excited,Stressed,No,Yes,Yes
21,Bachelor Level,Female,3.02,4,19,PC,1:30:00 AM,Yes,5,CALL OF DUTY,Regular,Non Paid,2,Positive,Bored,Stressed,Yes,Yes,No
27,Master's Level,Female,3.13,5,20,PC,11:30:00 AM,Yes,2,PES,Regular,Non Paid,4,Depressed,Bored,Excited to complete level,No,No,No
20,Bachelor Level,Male,3.71,5,18,Mobile,1:30:00 AM,Yes,3,CALL OF DUTY,Regular,Non Paid,2,Upset,Excited,Stressed,No,No,No
21,Bachelor Level,Female,3.84,4,18,PC,12:30:00 PM,No,6,FREE FIRE,Regular,Non Paid,4,Depressed,Excited,Excited to complete level,Yes,Yes,No
27,Master's Level,Male,3.65,3,22,Mobile,2:30:00 AM,No,4,FREE FIRE,Regular,Non Paid,3,Angry,Excited,Excited to complete level,Yes,No,No
19,Bachelor Level,Female,2.5,3,18,Mobile,10:30:00 AM,No,3,FREE FIRE,Not regular,Non Paid,3,Upset,Bored,No feeling,No,No,Yes
19,Bachelor Level,Male,2,3,20,PC,11:30:00 AM,Yes,5,PES,Regular,Non Paid,4,Upset,Excited,Stressed,Yes,Yes,No
24,Bachelor Level,Male,2,3.55,20,PC,11:30:00 AM,No,4,FREE FIRE,Regular,Non Paid,2,Positive,Excited,No feeling,No,No,No
22,Bachelor Level,Male,3,4,19,PC,10:30:00 AM,No,6,CALL OF DUTY,Not regular,Paid,3,Angry,Excited,Stressed,No,Yes,Yes
22,Bachelor Level,Female,3.94,5,18,Mobile,11:30:00 AM,Yes,5,FREE FIRE,Regular,Non Paid,2,Upset,Bored,No feeling,No,Yes,No
19,Bachelor Level,Male,3.87,4.1,19,Mobile,10:30:00 AM,Yes,6,PES,Regular,Paid,3,Depressed,Bored,Excited to complete level,Yes,No,No
19,Bachelor Level,Female,2,4,21,Mobile,10:30:00 AM,Yes,5,IGA,Regular,Paid,3,Depressed,Excited,Stressed,Yes,No,No
24,Bachelor Level,Female,3.98,5,20,Mobile,11:30:00 AM,No,6,CALL OF DUTY,Not regular,Paid,4,Angry,Bored,Stressed,No,Yes,Yes
21,Bachelor Level,Male,3,4,21,Mobile,1:30:00 AM,No,6,COC,Regular,Paid,3,Upset,Bored,Stressed,No,No,No
22,Bachelor Level,Female,2.79,4.23,19,PC,10:30:00 AM,Yes,3,FIFA,Not regular,Paid,4,Upset,Bored,Excited to complete level,No,No,Yes
24,Bachelor Level,Male,3,4,18,PC,2:30:00 AM,No,4,COC,Regular,Paid,4,Depressed,Bored,Excited to complete level,Yes,Yes,No
24,Bachelor Level,Female,3.02,3.11,18,PC,2:30:00 AM,No,2,PUBG,Regular,Non Paid,4,Positive,Bored,No feeling,No,Yes,No
26,Master's Level,Female,3,4.03,21,PC,11:30:00 AM,No,5,CALL OF DUTY,Regular,Non Paid,4,Angry,Excited,Excited to complete level,No,No,No
21,Bachelor Level,Female,2,4.07,18,PC,2:30:00 AM,Yes,2,PUBG,Regular,Non Paid,3,Angry,Excited,No feeling,Yes,No,No
23,Bachelor Level,Male,3.85,5,19,PC,12:30:00 PM,No,2,COC,Not regular,Non Paid,4,Depressed,Bored,Stressed,Yes,No,No
27,Master's Level,Male,3.35,4,24,PC,10:30:00 AM,No,5,PUBG,Not regular,Non Paid,3,Angry,Bored,No feeling,Yes,Yes,Yes
24,Bachelor Level,Male,3,4,21,Mobile,10:30:00 AM,Yes,3,PES,Regular,Paid,3,Angry,Excited,Stressed,Yes,No,No
20,Bachelor Level,Male,4,5,21,PC,12:30:00 PM,Yes,2,FREE FIRE,Regular,Non Paid,3,Angry,Bored,Excited to complete level,No,Yes,Yes
23,Bachelor Level,Female,3,4.95,18,PC,2:30:00 AM,No,5,COC,Regular,Non Paid,2,Positive,Excited,Excited to complete level,Yes,Yes,Yes
25,Master's Level,Male,3,4.8,23,PC,10:30:00 AM,Yes,3,COC,Not regular,Non Paid,4,Upset,Bored,Stressed,Yes,Yes,Yes
26,Master's Level,Male,2.2,4.29,24,Mobile,10:30:00 AM,No,2,FIFA,Not regular,Non Paid,4,Depressed,Bored,Stressed,No,Yes,No
28,Master's Level,Male,3,3,22,PC,12:30:00 PM,No,2,FIFA,Regular,Non Paid,2,Positive,Excited,Excited to complete level,Yes,Yes,No
20,Bachelor Level,Female,2,3.42,21,PC,1:30:00 AM,No,6,COC,Regular,Non Paid,2,Upset,Excited,Excited to complete level,No,No,Yes
28,Master's Level,Female,3,4,21,PC,11:30:00 AM,Yes,6,PUBG,Regular,Non Paid,2,Positive,Bored,No feeling,Yes,Yes,No
18,Bachelor Level,Female,2.32,4.61,19,PC,10:30:00 AM,Yes,2,CALL OF DUTY,Regular,Non Paid,2,Upset,Bored,No feeling,Yes,Yes,No
22,Bachelor Level,Male,2,3.39,19,Mobile,1:30:00 AM,No,3,IGA,Not regular,Non Paid,4,Depressed,Bored,No feeling,Yes,No,Yes
19,Bachelor Level,Male,3,3.75,21,Mobile,12:30:00 PM,Yes,6,IGA,Not regular,Paid,4,Positive,Bored,Excited to complete level,Yes,Yes,No
21,Bachelor Level,Male,3.1,4.19,20,Mobile,2:30:00 AM,Yes,4,IGA,Regular,Paid,3,Positive,Bored,Excited to complete level,Yes,No,No
24,Bachelor Level,Male,2.54,3,20,Mobile,1:30:00 AM,Yes,6,FIFA,Regular,Non Paid,3,Upset,Bored,Stressed,Yes,Yes,Yes
23,Bachelor Level,Male,3.19,3,21,PC,11:30:00 AM,Yes,5,PUBG,Regular,Paid,4,Angry,Bored,Excited to complete level,Yes,Yes,Yes
23,Bachelor Level,Male,3,3,18,PC,2:30:00 AM,Yes,4,IGA,Not regular,Paid,4,Angry,Excited,Stressed,Yes,No,No
20,Bachelor Level,Female,3.96,5,19,Mobile,1:30:00 AM,No,3,IGA,Not regular,Paid,2,Depressed,Bored,Stressed,Yes,Yes,Yes
23,Bachelor Level,Female,4,5,20,Mobile,12:30:00 PM,No,6,FREE FIRE,Not regular,Non Paid,3,Positive,Bored,No feeling,No,No,No
22,Bachelor Level,Male,4,5,20,Mobile,2:30:00 AM,No,4,PUBG,Not regular,Paid,4,Depressed,Excited,No feeling,Yes,Yes,Yes
24,Bachelor Level,Female,4,5,18,Mobile,10:30:00 AM,Yes,5,PUBG,Regular,Paid,2,Upset,Bored,Excited to complete level,No,Yes,Yes
18,Bachelor Level,Male,2,4,18,Mobile,11:30:00 AM,No,6,CALL OF DUTY,Regular,Paid,3,Angry,Bored,Excited to complete level,Yes,No,No
19,Bachelor Level,Male,2,4,18,PC,11:30:00 AM,Yes,2,FREE FIRE,Regular,Paid,2,Upset,Bored,No feeling,No,No,No
23,Bachelor Level,Female,2.19,3.35,21,Mobile,10:30:00 AM,No,5,IGA,Regular,Paid,2,Angry,Bored,No feeling,No,No,No
18,Bachelor Level,Male,3,4,21,Mobile,11:30:00 AM,Yes,6,PES,Not regular,Paid,4,Positive,Excited,Excited to complete level,No,Yes,Yes
22,Bachelor Level,Female,3,3.51,20,Mobile,11:30:00 AM,Yes,2,CALL OF DUTY,Not regular,Paid,4,Positive,Bored,Excited to complete level,Yes,No,No
28,Master's Level,Female,3.55,5,22,Mobile,2:30:00 AM,Yes,3,FREE FIRE,Regular,Non Paid,3,Depressed,Bored,Stressed,Yes,Yes,No
24,Bachelor Level,Female,2.56,4.13,20,PC,10:30:00 AM,No,6,IGA,Regular,Paid,3,Positive,Bored,No feeling,No,No,No
21,Bachelor Level,Male,2,3.82,21,PC,12:30:00 PM,Yes,4,PES,Not regular,Non Paid,4,Positive,Excited,No feeling,No,No,Yes
27,Master's Level,Male,4,5,20,PC,12:30:00 PM,No,2,FREE FIRE,Not regular,Paid,4,Positive,Bored,Excited to complete level,Yes,No,No
24,Bachelor Level,Female,3.5,4,21,Mobile,11:30:00 AM,No,6,FREE FIRE,Not regular,Non Paid,4,Angry,Bored,No feeling,No,No,Yes
28,Master's Level,Male,3,5,24,Mobile,10:30:00 AM,Yes,5,COC,Regular,Non Paid,4,Angry,Bored,Excited to complete level,Yes,No,No
26,Master's Level,Female,3.52,4.72,20,Mobile,2:30:00 AM,No,2,COC,Regular,Non Paid,4,Depressed,Bored,Stressed,Yes,Yes,No
23,Bachelor Level,Female,3,4,21,PC,11:30:00 AM,Yes,5,COC,Not regular,Paid,4,Positive,Excited,Stressed,Yes,Yes,No
23,Bachelor Level,Female,3.24,5,20,PC,2:30:00 AM,No,4,PUBG,Not regular,Paid,3,Upset,Bored,Stressed,No,Yes,Yes
22,Bachelor Level,Female,3,3.74,19,PC,1:30:00 AM,No,2,COC,Not regular,Paid,3,Upset,Excited,No feeling,Yes,Yes,No
28,Master's Level,Male,3.5,4.46,24,Mobile,10:30:00 AM,Yes,4,FIFA,Not regular,Non Paid,3,Angry,Excited,Stressed,No,No,No
26,Master's Level,Female,3.52,5,21,PC,10:30:00 AM,No,5,COC,Not regular,Paid,3,Positive,Bored,Excited to complete level,No,No,Yes
18,Bachelor Level,Male,3,4,20,PC,1:30:00 AM,No,3,CALL OF DUTY,Not regular,Non Paid,2,Positive,Bored,Excited to complete level,Yes,Yes,Yes
19,Bachelor Level,Male,3.01,4,19,Mobile,10:30:00 AM,No,5,FIFA,Regular,Non Paid,3,Upset,Bored,Stressed,No,No,No
28,Master's Level,Male,2.98,4.54,22,PC,12:30:00 PM,Yes,5,CALL OF DUTY,Regular,Paid,4,Upset,Bored,Stressed,Yes,Yes,No
23,Bachelor Level,Female,3,4.5,19,Mobile,2:30:00 AM,No,4,CALL OF DUTY,Not regular,Non Paid,3,Upset,Excited,No feeling,No,Yes,Yes
27,Master's Level,Male,2.79,3.36,20,Mobile,12:30:00 PM,Yes,2,PUBG,Not regular,Paid,2,Upset,Bored,Excited to complete level,Yes,No,No
23,Bachelor Level,Female,2.8,3.98,18,PC,10:30:00 AM,No,3,IGA,Regular,Paid,3,Upset,Bored,Excited to complete level,No,No,Yes
21,Bachelor Level,Female,2.7,4,21,Mobile,2:30:00 AM,Yes,6,COC,Not regular,Non Paid,3,Angry,Bored,No feeling,No,Yes,No
26,Master's Level,Male,2,3,23,PC,1:30:00 AM,Yes,3,FREE FIRE,Regular,Non Paid,3,Positive,Excited,No feeling,Yes,Yes,Yes
20,Bachelor Level,Female,3,4.7,18,PC,11:30:00 AM,Yes,2,FREE FIRE,Not regular,Non Paid,4,Depressed,Excited,No feeling,No,Yes,Yes
20,Bachelor Level,Female,2,4.02,18,PC,11:30:00 AM,No,2,COC,Regular,Non Paid,2,Angry,Excited,Stressed,Yes,Yes,No
22,Bachelor Level,Female,3,4,21,PC,11:30:00 AM,Yes,6,FIFA,Not regular,Non Paid,2,Depressed,Bored,Excited to complete level,Yes,Yes,Yes
22,Bachelor Level,Male,2.09,3,18,Mobile,12:30:00 PM,No,6,CALL OF DUTY,Regular,Non Paid,4,Positive,Bored,Stressed,No,No,No
20,Bachelor Level,Female,3,4,19,Mobile,2:30:00 AM,Yes,6,IGA,Regular,Non Paid,4,Angry,Bored,No feeling,No,No,Yes
21,Bachelor Level,Female,4,5,20,PC,1:30:00 AM,Yes,4,IGA,Not regular,Paid,3,Upset,Excited,No feeling,No,Yes,Yes
28,Master's Level,Female,2,4,23,PC,2:30:00 AM,No,4,COC,Regular,Paid,4,Angry,Excited,No feeling,Yes,No,Yes
20,Bachelor Level,Female,3,4,19,Mobile,1:30:00 AM,Yes,2,COC,Regular,Paid,2,Upset,Bored,No feeling,Yes,Yes,Yes
23,Bachelor Level,Female,3,4.16,21,PC,2:30:00 AM,Yes,3,CALL OF DUTY,Not regular,Paid,4,Upset,Excited,Stressed,Yes,No,No
28,Master's Level,Female,3.4,4.55,24,Mobile,10:30:00 AM,Yes,2,IGA,Regular,Paid,2,Positive,Excited,Stressed,No,No,Yes
26,Master's Level,Male,3,3.23,22,Mobile,10:30:00 AM,No,5,CALL OF DUTY,Not regular,Paid,3,Positive,Bored,No feeling,No,No,No
19,Bachelor Level,Male,3,3,21,PC,1:30:00 AM,Yes,3,PES,Regular,Paid,3,Positive,Excited,No feeling,Yes,No,No
25,Master's Level,Male,3,3.94,24,Mobile,2:30:00 AM,Yes,6,COC,Regular,Paid,2,Upset,Excited,Stressed,Yes,No,Yes
23,Bachelor Level,Male,2.9,3.76,18,PC,1:30:00 AM,Yes,6,CALL OF DUTY,Not regular,Paid,2,Depressed,Excited,Excited to complete level,Yes,No,No
27,Master's Level,Female,3.5,5,22,Mobile,12:30:00 PM,Yes,2,FREE FIRE,Regular,Paid,4,Positive,Bored,Excited to complete level,Yes,Yes,Yes
24,Bachelor Level,Female,2.41,5,20,PC,11:30:00 AM,No,5,IGA,Not regular,Paid,2,Positive,Bored,Excited to complete level,Yes,No,Yes
22,Bachelor Level,Female,3,3,19,Mobile,12:30:00 PM,Yes,2,IGA,Regular,Paid,2,Angry,Excited,Excited to complete level,Yes,Yes,No
26,Master's Level,Male,3,4.15,22,Mobile,10:30:00 AM,Yes,6,PES,Regular,Non Paid,4,Angry,Bored,Stressed,Yes,No,No
18,Bachelor Level,Male,4,3.78,20,Mobile,1:30:00 AM,Yes,3,PUBG,Not regular,Paid,3,Angry,Excited,Stressed,No,No,Yes
20,Bachelor Level,Male,3,4,20,Mobile,2:30:00 AM,No,2,PES,Regular,Non Paid,4,Depressed,Excited,Excited to complete level,No,Yes,No
18,Bachelor Level,Female,3.67,4.5,18,Mobile,11:30:00 AM,Yes,6,FIFA,Not regular,Non Paid,2,Upset,Bored,Excited to complete level,No,Yes,No
24,Bachelor Level,Male,3,5,19,Mobile,2:30:00 AM,No,5,FIFA,Not regular,Paid,3,Angry,Bored,No feeling,Yes,Yes,Yes
26,Master's Level,Female,3,4,23,Mobile,1:30:00 AM,No,5,CALL OF DUTY,Regular,Paid,2,Positive,Bored,Stressed,Yes,Yes,Yes
19,Bachelor Level,Female,3,3.98,19,PC,1:30:00 AM,Yes,3,COC,Regular,Non Paid,2,Positive,Excited,No feeling,No,Yes,No
22,Bachelor Level,Male,2,4,21,Mobile,11:30:00 AM,Yes,3,FREE FIRE,Not regular,Paid,2,Positive,Excited,Stressed,No,No,No
18,Bachelor Level,Female,3.75,5,20,Mobile,10:30:00 AM,No,2,CALL OF DUTY,Regular,Paid,3,Depressed,Bored,Excited to complete level,No,Yes,No
22,Bachelor Level,Male,2.9,5,19,PC,10:30:00 AM,No,5,FREE FIRE,Not regular,Paid,4,Depressed,Bored,Excited to complete level,Yes,No,Yes
21,Bachelor Level,Female,2.88,4,21,PC,11:30:00 AM,No,6,FIFA,Regular,Paid,3,Angry,Excited,Stressed,No,Yes,Yes
20,Bachelor Level,Female,3.37,4.75,20,Mobile,1:30:00 AM,Yes,5,PUBG,Not regular,Non Paid,4,Upset,Bored,Excited to complete level,No,No,No
21,Bachelor Level,Female,3,4,20,Mobile,12:30:00 PM,No,5,IGA,Regular,Non Paid,2,Upset,Excited,Stressed,Yes,Yes,No
24,Bachelor Level,Male,2.24,4.91,21,Mobile,1:30:00 AM,Yes,3,FIFA,Not regular,Paid,4,Depressed,Bored,No feeling,No,Yes,No
21,Bachelor Level,Male,3.77,5,18,PC,10:30:00 AM,No,2,IGA,Not regular,Paid,2,Upset,Excited,Stressed,Yes,Yes,Yes
24,Bachelor Level,Male,3,4,18,Mobile,10:30:00 AM,No,4,PUBG,Not regular,Non Paid,2,Upset,Excited,No feeling,Yes,Yes,Yes
27,Master's Level,Female,2,3.59,22,PC,10:30:00 AM,No,4,COC,Regular,Non Paid,2,Angry,Bored,No feeling,Yes,No,No
21,Bachelor Level,Female,4,3,19,PC,12:30:00 PM,Yes,6,FREE FIRE,Not regular,Paid,3,Depressed,Bored,Stressed,Yes,Yes,No
24,Bachelor Level,Female,4,3,21,PC,10:30:00 AM,Yes,6,IGA,Not regular,Non Paid,4,Angry,Excited,Stressed,Yes,Yes,No
18,Bachelor Level,Female,3.5,5,18,Mobile,1:30:00 AM,No,5,CALL OF DUTY,Not regular,Non Paid,3,Angry,Excited,Excited to complete level,No,No,No
18,Bachelor Level,Female,3.22,4,19,Mobile,11:30:00 AM,No,6,FREE FIRE,Regular,Non Paid,4,Depressed,Excited,Stressed,No,Yes,No
21,Bachelor Level,Male,3.62,4.78,18,PC,12:30:00 PM,No,2,PUBG,Not regular,Non Paid,2,Upset,Bored,No feeling,Yes,No,No
26,Master's Level,Female,3.2,4.7,24,PC,2:30:00 AM,No,5,PUBG,Not regular,Non Paid,3,Upset,Bored,Stressed,Yes,No,No
19,Bachelor Level,Male,3,3.38,19,Mobile,11:30:00 AM,No,3,FIFA,Not regular,Paid,3,Positive,Bored,Excited to complete level,No,No,Yes
21,Bachelor Level,Female,3,5,19,PC,2:30:00 AM,No,2,IGA,Regular,Paid,2,Depressed,Excited,Excited to complete level,Yes,No,Yes
26,Master's Level,Male,3.5,5,24,PC,11:30:00 AM,Yes,4,FREE FIRE,Regular,Non Paid,4,Angry,Excited,Excited to complete level,Yes,Yes,No
22,Bachelor Level,Male,3,4.54,18,Mobile,10:30:00 AM,No,6,IGA,Not regular,Non Paid,2,Positive,Bored,Excited to complete level,Yes,Yes,No
21,Bachelor Level,Male,3.1,4.14,19,Mobile,12:30:00 PM,Yes,6,FIFA,Not regular,Paid,3,Upset,Excited,Stressed,No,Yes,No
24,Bachelor Level,Female,2.23,4,18,PC,10:30:00 AM,Yes,4,CALL OF DUTY,Regular,Non Paid,4,Positive,Excited,Stressed,No,No,No
27,Master's Level,Female,2.09,4.2,20,PC,10:30:00 AM,Yes,6,PUBG,Regular,Non Paid,2,Depressed,Bored,Stressed,No,Yes,Yes
21,Bachelor Level,Female,2,5,20,PC,11:30:00 AM,Yes,6,PUBG,Regular,Paid,4,Positive,Bored,Stressed,Yes,No,Yes
18,Bachelor Level,Female,3.76,4.17,21,Mobile,1:30:00 AM,Yes,2,FREE FIRE,Not regular,Non Paid,2,Depressed,Bored,Stressed,No,Yes,Yes
25,Master's Level,Female,3.99,3.86,23,Mobile,10:30:00 AM,Yes,4,FIFA,Not regular,Paid,3,Upset,Bored,No feeling,Yes,No,No
28,Master's Level,Male,2.89,4.48,20,Mobile,2:30:00 AM,Yes,5,PES,Not regular,Non Paid,4,Angry,Bored,No feeling,No,Yes,No
22,Bachelor Level,Female,3,3,18,Mobile,2:30:00 AM,No,4,CALL OF DUTY,Regular,Paid,2,Upset,Bored,Excited to complete level,Yes,No,No
24,Bachelor Level,Female,3.05,3.6,20,PC,1:30:00 AM,Yes,6,PES,Regular,Paid,4,Depressed,Bored,Stressed,Yes,Yes,No
18,Bachelor Level,Male,2.31,4,20,PC,2:30:00 AM,Yes,2,PUBG,Not regular,Non Paid,4,Depressed,Bored,Stressed,No,Yes,No
27,Master's Level,Female,2,4.82,23,PC,2:30:00 AM,No,2,FREE FIRE,Not regular,Paid,2,Upset,Excited,Stressed,Yes,Yes,Yes
21,Bachelor Level,Female,3.5,5,21,PC,2:30:00 AM,Yes,4,CALL OF DUTY,Not regular,Non Paid,3,Upset,Bored,Excited to complete level,Yes,Yes,No
22,Bachelor Level,Male,3,4,21,Mobile,12:30:00 PM,No,2,PES,Not regular,Paid,2,Angry,Excited,No feeling,No,No,No
19,Bachelor Level,Male,5,3.63,20,PC,11:30:00 AM,No,5,FREE FIRE,Regular,Non Paid,3,Depressed,Excited,Stressed,No,Yes,No
24,Bachelor Level,Female,4,5,18,PC,12:30:00 PM,No,3,PUBG,Not regular,Paid,4,Angry,Bored,No feeling,No,Yes,Yes
23,Bachelor Level,Male,3,4.08,19,Mobile,11:30:00 AM,No,2,COC,Regular,Paid,4,Depressed,Excited,No feeling,No,Yes,No
27,Master's Level,Female,2.52,4,21,PC,2:30:00 AM,No,3,IGA,Regular,Non Paid,2,Upset,Bored,Stressed,Yes,No,Yes
25,Master's Level,Male,2.04,3,22,Mobile,12:30:00 PM,Yes,5,CALL OF DUTY,Not regular,Paid,4,Depressed,Excited,Excited to complete level,Yes,No,No
25,Master's Level,Male,3,4,23,Mobile,1:30:00 AM,No,6,IGA,Not regular,Non Paid,3,Depressed,Bored,Excited to complete level,Yes,Yes,No
18,Bachelor Level,Male,3.5,5,18,PC,12:30:00 PM,Yes,2,PES,Regular,Non Paid,2,Upset,Excited,Excited to complete level,Yes,Yes,No
19,Bachelor Level,Female,3.66,4.83,19,PC,11:30:00 AM,Yes,6,CALL OF DUTY,Not regular,Non Paid,3,Upset,Excited,No feeling,No,Yes,Yes
28,Master's Level,Female,3.03,4,24,Mobile,1:30:00 AM,No,4,CALL OF DUTY,Not regular,Non Paid,4,Angry,Bored,Stressed,Yes,No,Yes
23,Bachelor Level,Male,2.56,3,18,Mobile,1:30:00 AM,No,2,PES,Regular,Paid,3,Depressed,Bored,Stressed,No,No,No
27,Master's Level,Female,2.39,4,22,Mobile,11:30:00 AM,No,4,COC,Regular,Paid,4,Positive,Excited,Excited to complete level,No,Yes,Yes
21,Bachelor Level,Male,3.5,4,20,PC,1:30:00 AM,No,2,IGA,Regular,Paid,2,Upset,Excited,Stressed,Yes,Yes,Yes
23,Bachelor Level,Female,3,5,20,PC,12:30:00 PM,Yes,5,FREE FIRE,Regular,Non Paid,2,Angry,Excited,No feeling,No,Yes,Yes
28,Master's Level,Female,3.1,4,24,PC,12:30:00 PM,Yes,4,IGA,Not regular,Paid,4,Angry,Excited,Excited to complete level,No,Yes,No
20,Bachelor Level,Male,3,3,18,PC,2:30:00 AM,No,4,IGA,Regular,Non Paid,4,Depressed,Excited,Excited to complete level,Yes,No,No
24,Bachelor Level,Female,2.36,3.65,21,Mobile,1:30:00 AM,No,2,FREE FIRE,Not regular,Non Paid,2,Depressed,Excited,Excited to complete level,No,Yes,Yes
23,Bachelor Level,Male,3,4.23,21,PC,1:30:00 AM,Yes,2,PES,Regular,Non Paid,3,Positive,Bored,Excited to complete level,Yes,Yes,Yes
21,Bachelor Level,Male,3.4,4.09,18,PC,1:30:00 AM,No,4,PES,Regular,Non Paid,4,Positive,Excited,Stressed,No,No,No
20,Bachelor Level,Female,2.38,4,19,PC,1:30:00 AM,No,5,FIFA,Regular,Paid,2,Upset,Excited,Stressed,No,No,Yes
24,Bachelor Level,Female,3.1,4,21,Mobile,12:30:00 PM,Yes,2,PUBG,Regular,Paid,4,Depressed,Excited,No feeling,Yes,Yes,No
19,Bachelor Level,Male,3,4.66,21,Mobile,10:30:00 AM,No,3,IGA,Regular,Non Paid,2,Angry,Excited,Stressed,Yes,No,Yes
28,Master's Level,Female,2.18,5,21,PC,1:30:00 AM,No,2,FREE FIRE,Not regular,Non Paid,3,Angry,Excited,Stressed,No,Yes,Yes
27,Master's Level,Female,3.13,5,20,PC,11:30:00 AM,Yes,2,PES,Regular,Non Paid,4,Depressed,Bored,Excited to complete level,No,No,No
27,Master's Level,Male,3.01,3.5,22,Mobile,2:30:00 AM,No,4,FREE FIRE,Regular,Non Paid,3,Angry,Excited,Excited to complete level,Yes,No,No
19,Bachelor Level,Female,3,4,18,Mobile,10:30:00 AM,No,3,FREE FIRE,Not regular,Non Paid,3,Upset,Bored,No feeling,No,No,Yes
22,Bachelor Level,Female,3,4.52,18,Mobile,11:30:00 AM,Yes,5,FREE FIRE,Regular,Non Paid,2,Upset,Bored,No feeling,No,Yes,No
19,Bachelor Level,Male,3.87,5,19,Mobile,10:30:00 AM,Yes,6,PES,Regular,Paid,3,Depressed,Bored,Excited to complete level,Yes,No,No
21,Bachelor Level,Male,3,4.2,21,Mobile,1:30:00 AM,No,6,COC,Regular,Paid,3,Upset,Bored,Stressed,No,No,No
22,Bachelor Level,Female,3.68,5,17,Mobile,10:30:00 AM,Yes,2,PUBG,Regular,Non Paid,3,Angry,Excited,Stressed,Yes,Yes,No
19,Bachelor Level,Female,3.52,4.66,16,PC,1:30:00 AM,No,4,PUBG,Not regular,Paid,2,Depressed,Excited,No feeling,No,Yes,Yes
26,Master's Level,Male,2.85,3.48,22,Mobile,2:02:00 AM,Yes,3,PES,Regular,Non Paid,4,Angry,Bored,Excited to complete level,Yes,Yes,No
25,Master's Level,Female,3.99,4.01,20,PC,10:30:00 AM,No,4,PES,Not regular,Paid,3,Angry,Bored,No feeling,No,No,Yes
24,Master's Level,Female,3.81,3.34,16,Mobile,12:12:00 PM,No,4,IGA,Regular,Paid,4,Positive,Excited,Stressed,Yes,No,No
18,Bachelor Level,Female,3.85,4.02,18,PC,1:30:00 AM,No,1,FREE FIRE,Regular,Paid,1,Angry,Bored,Excited to complete level,Yes,Yes,Yes
19,Bachelor Level,Female,3.92,3.98,18,Mobile,12:12:00 PM,No,4,IGA,Not regular,Non Paid,2,Positive,Bored,No feeling,Yes,No,No
21,Bachelor Level,Female,2.73,3.08,19,PC,2:30:00 AM,Yes,1,PES,Regular,Non Paid,1,Depressed,Bored,No feeling,No,Yes,No
22,Bachelor Level,Male,3.76,4.37,19,Mobile,1:01:00 AM,Yes,4,COC,Regular,Non Paid,1,Depressed,Excited,No feeling,No,No,No
20,Bachelor Level,Male,3.02,4.28,22,PC,12:12:00 PM,No,3,IGA,Not regular,Non Paid,1,Positive,Bored,Stressed,Yes,No,Yes
23,Bachelor Level,Female,3.97,4.88,19,PC,1:30:00 AM,Yes,1,PUBG,Regular,Non Paid,3,Angry,Bored,No feeling,No,No,Yes
22,Bachelor Level,Female,3.77,4.15,19,PC,12:30:00 PM,Yes,2,PES,Not regular,Paid,2,Upset,Bored,No feeling,Yes,No,Yes
20,Bachelor Level,Male,3.49,4.13,17,Mobile,2:02:00 AM,Yes,3,FREE FIRE,Regular,Paid,3,Angry,Bored,Excited to complete level,No,Yes,No
24,Master's Level,Male,3.05,4.93,22,PC,12:12:00 PM,Yes,2,CALL OF DUTY,Not regular,Paid,3,Depressed,Bored,Excited to complete level,No,No,No
19,Bachelor Level,Male,3.4,4.36,21,Mobile,10:30:00 AM,Yes,1,FREE FIRE,Not regular,Non Paid,4,Upset,Excited,Excited to complete level,No,Yes,Yes
22,Bachelor Level,Female,2.99,4.68,21,Mobile,12:30:00 PM,No,3,FIFA,Regular,Non Paid,1,Upset,Excited,No feeling,No,No,Yes
25,Master's Level,Female,2.88,4.23,19,Mobile,2:02:00 AM,No,1,FIFA,Regular,Paid,1,Upset,Excited,Stressed,Yes,Yes,Yes
19,Bachelor Level,Female,3.23,3.73,20,PC,2:02:00 AM,Yes,3,FIFA,Regular,Non Paid,1,Upset,Bored,No feeling,No,No,No
26,Master's Level,Female,3.96,4.82,17,Mobile,10:30:00 AM,Yes,1,FREE FIRE,Regular,Non Paid,4,Angry,Excited,No feeling,Yes,No,No
23,Bachelor Level,Female,2.64,3.84,21,Mobile,1:30:00 AM,No,4,FIFA,Not regular,Non Paid,3,Depressed,Bored,No feeling,No,No,No
23,Bachelor Level,Male,3.59,4.34,18,PC,12:12:00 PM,No,2,FIFA,Regular,Paid,4,Angry,Excited,Stressed,Yes,No,Yes
26,Master's Level,Male,3.43,3.24,16,Mobile,1:01:00 AM,No,3,FREE FIRE,Regular,Paid,3,Upset,Bored,No feeling,Yes,No,No
21,Bachelor Level,Female,2.63,4.1,16,PC,2:02:00 AM,No,6,CALL OF DUTY,Regular,Paid,1,Positive,Excited,Excited to complete level,No,Yes,No
24,Master's Level,Female,2.65,3.69,16,Mobile,1:30:00 AM,No,5,COC,Regular,Non Paid,4,Positive,Excited,Excited to complete level,No,No,No
25,Master's Level,Female,2.94,3.98,21,PC,12:12:00 PM,Yes,3,IGA,Regular,Paid,3,Positive,Excited,Excited to complete level,No,No,Yes
22,Bachelor Level,Female,3.35,4.16,17,PC,2:02:00 AM,No,6,FIFA,Not regular,Paid,2,Positive,Excited,Stressed,Yes,No,No
24,Master's Level,Male,3.04,4.32,20,Mobile,10:30:00 AM,Yes,2,PUBG,Regular,Non Paid,3,Upset,Bored,No feeling,Yes,No,No
24,Master's Level,Male,2.57,4.64,17,PC,12:12:00 PM,Yes,4,PUBG,Not regular,Paid,2,Angry,Excited,Excited to complete level,No,Yes,No
21,Bachelor Level,Female,3.8,5,16,Mobile,1:30:00 AM,Yes,1,FREE FIRE,Not regular,Paid,4,Positive,Bored,No feeling,Yes,No,No
23,Bachelor Level,Male,3.24,4.14,21,PC,1:30:00 AM,No,2,IGA,Regular,Non Paid,1,Angry,Bored,No feeling,Yes,No,Yes
18,Bachelor Level,Male,3.86,3.98,16,Mobile,10:30:00 AM,No,4,FREE FIRE,Not regular,Non Paid,1,Upset,Excited,No feeling,No,Yes,No
19,Bachelor Level,Male,3.78,3.63,18,PC,11:30:00 AM,No,3,CALL OF DUTY,Not regular,Paid,1,Upset,Excited,Stressed,Yes,Yes,No
19,Bachelor Level,Female,2.76,3.83,20,Mobile,2:02:00 AM,Yes,5,IGA,Regular,Paid,1,Upset,Bored,Excited to complete level,No,No,No
25,Master's Level,Female,3.71,3.8,20,Mobile,1:01:00 AM,No,5,PES,Not regular,Non Paid,4,Upset,Excited,Excited to complete level,Yes,Yes,Yes
19,Bachelor Level,Female,3.01,3.87,22,PC,2:02:00 AM,Yes,1,PUBG,Not regular,Paid,2,Upset,Excited,Excited to complete level,Yes,Yes,No
20,Bachelor Level,Male,2.58,4.05,19,PC,11:30:00 AM,No,1,CALL OF DUTY,Regular,Non Paid,3,Angry,Excited,Stressed,Yes,No,No
26,Master's Level,Female,2.68,4.28,19,Mobile,11:30:00 AM,Yes,3,IGA,Not regular,Non Paid,3,Depressed,Excited,No feeling,Yes,No,Yes
26,Master's Level,Female,2.75,3.11,17,Mobile,10:30:00 AM,No,2,PUBG,Regular,Paid,2,Positive,Bored,Stressed,No,Yes,No
24,Master's Level,Female,3.27,4.29,17,PC,1:30:00 AM,Yes,3,CALL OF DUTY,Regular,Paid,2,Angry,Excited,Stressed,No,No,Yes
20,Bachelor Level,Male,3.46,4.95,22,PC,12:12:00 PM,Yes,4,PUBG,Regular,Non Paid,4,Depressed,Bored,Excited to complete level,No,No,No
18,Bachelor Level,Female,3.72,3.58,21,PC,11:30:00 AM,Yes,4,PUBG,Regular,Non Paid,2,Upset,Bored,No feeling,No,Yes,No
19,Bachelor Level,Female,2.77,4.14,22,Mobile,10:30:00 AM,No,6,FREE FIRE,Regular,Non Paid,2,Angry,Excited,No feeling,Yes,Yes,Yes
22,Bachelor Level,Female,3.27,4.33,17,PC,10:30:00 AM,No,1,PES,Not regular,Paid,4,Upset,Bored,No feeling,No,Yes,No
20,Bachelor Level,Male,3.12,4.11,18,Mobile,11:30:00 AM,Yes,1,PUBG,Regular,Paid,4,Angry,Excited,No feeling,Yes,Yes,No
24,Master's Level,Female,3.85,5,18,Mobile,2:30:00 AM,No,5,FIFA,Not regular,Paid,2,Positive,Bored,No feeling,Yes,No,Yes
20,Bachelor Level,Male,2.62,3.69,16,PC,1:30:00 AM,No,2,PES,Not regular,Paid,1,Depressed,Bored,No feeling,Yes,No,Yes
26,Master's Level,Female,2.5,3.69,18,PC,2:30:00 AM,No,4,FIFA,Regular,Non Paid,2,Angry,Bored,Stressed,Yes,Yes,Yes
24,Master's Level,Female,3.67,4.02,22,Mobile,2:30:00 AM,Yes,1,FIFA,Not regular,Paid,3,Positive,Bored,Stressed,No,No,Yes
19,Bachelor Level,Male,3,4,19,PC,12:30:00 PM,No,3,FREE FIRE,Regular,Paid,4,Positive,Bored,Stressed,Yes,No,Yes
20,Bachelor Level,Female,3.71,4.72,16,Mobile,2:30:00 AM,Yes,4,PUBG,Regular,Paid,2,Positive,Excited,Excited to complete level,No,Yes,No
23,Bachelor Level,Male,3.29,5,19,Mobile,1:30:00 AM,No,4,IGA,Not regular,Paid,2,Upset,Bored,Excited to complete level,Yes,No,Yes
25,Master's Level,Male,3.69,5,17,Mobile,1:01:00 AM,Yes,3,PUBG,Regular,Non Paid,4,Angry,Excited,Excited to complete level,Yes,No,Yes
24,Master's Level,Female,2.63,4.00 ,22,Mobile,12:30:00 PM,Yes,1,FREE FIRE,Regular,Paid,3,Upset,Excited,Excited to complete level,Yes,Yes,Yes
23,Bachelor Level,Female,3.74,4.57,19,PC,12:12:00 PM,No,1,CALL OF DUTY,Regular,Paid,2,Positive,Bored,Excited to complete level,Yes,No,Yes
20,Bachelor Level,Female,3.2,3.24,21,PC,1:01:00 AM,No,5,PUBG,Not regular,Non Paid,1,Depressed,Bored,Stressed,No,Yes,No
24,Master's Level,Male,2.72,4.41,19,Mobile,1:01:00 AM,No,4,PES,Regular,Paid,2,Upset,Excited,No feeling,Yes,Yes,Yes
21,Bachelor Level,Female,3.55,4.7,20,Mobile,10:30:00 AM,Yes,1,PES,Not regular,Paid,4,Angry,Excited,Excited to complete level,Yes,Yes,No
22,Bachelor Level,Male,3.83,3.36,19,PC,11:30:00 AM,Yes,6,PES,Regular,Paid,4,Upset,Excited,Stressed,No,No,No
24,Master's Level,Male,3.97,3.04,21,PC,10:30:00 AM,No,3,PUBG,Not regular,Paid,3,Upset,Excited,Excited to complete level,No,No,No
22,Bachelor Level,Female,3.68,3.13,17,Mobile,10:30:00 AM,Yes,2,PUBG,Regular,Non Paid,3,Angry,Excited,Stressed,Yes,Yes,No
19,Bachelor Level,Female,3.52,4.66,16,PC,1:30:00 AM,No,4,PUBG,Not regular,Paid,2,Depressed,Excited,No feeling,No,Yes,Yes
26,Master's Level,Male,2.85,3.48,22,Mobile,2:02:00 AM,Yes,3,PES,Regular,Non Paid,4,Angry,Bored,Excited to complete level,Yes,Yes,No
25,Master's Level,Female,3.99,4.01,20,PC,10:30:00 AM,No,4,PES,Not regular,Paid,3,Angry,Bored,No feeling,No,No,Yes
24,Master's Level,Female,3.81,3.34,16,Mobile,12:12:00 PM,No,4,IGA,Regular,Paid,4,Positive,Excited,Stressed,Yes,No,No
18,Bachelor Level,Female,3.85,4.02,18,PC,1:30:00 AM,No,1,FREE FIRE,Regular,Paid,1,Angry,Bored,Excited to complete level,Yes,Yes,Yes
19,Bachelor Level,Female,3.92,3.98,18,Mobile,12:12:00 PM,No,4,IGA,Not regular,Non Paid,2,Positive,Bored,No feeling,Yes,No,No
21,Bachelor Level,Female,2.73,3.08,19,PC,2:30:00 AM,Yes,1,PES,Regular,Non Paid,1,Depressed,Bored,No feeling,No,Yes,No
22,Bachelor Level,Male,3.76,4.37,19,Mobile,1:01:00 AM,Yes,4,COC,Regular,Non Paid,1,Depressed,Excited,No feeling,No,No,No
20,Bachelor Level,Male,2,4,22,PC,12:12:00 PM,No,3,IGA,Not regular,Non Paid,1,Positive,Bored,Stressed,Yes,No,Yes
23,Bachelor Level,Female,3.97,4.88,19,PC,1:30:00 AM,Yes,1,PUBG,Regular,Non Paid,3,Angry,Bored,No feeling,No,No,Yes
22,Bachelor Level,Female,3.77,4.15,19,PC,12:30:00 PM,Yes,2,PES,Not regular,Paid,2,Upset,Bored,No feeling,Yes,No,Yes
20,Bachelor Level,Male,3.49,4.13,17,Mobile,2:02:00 AM,Yes,3,FREE FIRE,Regular,Paid,3,Angry,Bored,Excited to complete level,No,Yes,No
24,Master's Level,Male,3.05,4.93,22,PC,12:12:00 PM,Yes,2,CALL OF DUTY,Not regular,Paid,3,Depressed,Bored,Excited to complete level,No,No,No
19,Bachelor Level,Male,3.4,4.36,21,Mobile,10:30:00 AM,Yes,1,FREE FIRE,Not regular,Non Paid,4,Upset,Excited,Excited to complete level,No,Yes,Yes
22,Bachelor Level,Female,2.99,4.68,21,Mobile,12:30:00 PM,No,3,FIFA,Regular,Non Paid,1,Upset,Excited,No feeling,No,No,Yes
25,Master's Level,Female,2.88,4.23,19,Mobile,2:02:00 AM,No,1,FIFA,Regular,Paid,1,Upset,Excited,Stressed,Yes,Yes,Yes
19,Bachelor Level,Female,3.23,3.73,20,PC,2:02:00 AM,Yes,3,FIFA,Regular,Non Paid,1,Upset,Bored,No feeling,No,No,No
26,Master's Level,Female,3.96,4.82,17,Mobile,10:30:00 AM,Yes,1,FREE FIRE,Regular,Non Paid,4,Angry,Excited,No feeling,Yes,No,No
23,Bachelor Level,Female,2.64,3.84,21,Mobile,1:30:00 AM,No,4,FIFA,Not regular,Non Paid,3,Depressed,Bored,No feeling,No,No,No
23,Bachelor Level,Male,3.59,4.34,18,PC,12:12:00 PM,No,2,FIFA,Regular,Paid,4,Angry,Excited,Stressed,Yes,No,Yes
26,Master's Level,Male,3.43,3.24,16,Mobile,1:01:00 AM,No,3,FREE FIRE,Regular,Paid,3,Upset,Bored,No feeling,Yes,No,No
21,Bachelor Level,Female,2.63,4.1,16,PC,2:02:00 AM,No,6,CALL OF DUTY,Regular,Paid,1,Positive,Excited,Excited to complete level,No,Yes,No
24,Master's Level,Female,2.65,3.69,16,Mobile,1:30:00 AM,No,5,COC,Regular,Non Paid,4,Positive,Excited,Excited to complete level,No,No,No
25,Master's Level,Female,2.94,3.98,21,PC,12:12:00 PM,Yes,3,IGA,Regular,Paid,3,Positive,Excited,Excited to complete level,No,No,Yes
22,Bachelor Level,Female,3.35,4.16,17,PC,2:02:00 AM,No,6,FIFA,Not regular,Paid,2,Positive,Excited,Stressed,Yes,No,No
24,Master's Level,Male,3.04,4.32,20,Mobile,10:30:00 AM,Yes,2,PUBG,Regular,Non Paid,3,Upset,Bored,No feeling,Yes,No,No
24,Master's Level,Male,2.57,4.64,17,PC,12:12:00 PM,Yes,4,PUBG,Not regular,Paid,2,Angry,Excited,Excited to complete level,No,Yes,No
21,Bachelor Level,Female,3.8,4.6,16,Mobile,1:30:00 AM,Yes,1,FREE FIRE,Not regular,Paid,4,Positive,Bored,No feeling,Yes,No,No
23,Bachelor Level,Male,3.24,4.14,21,PC,1:30:00 AM,No,2,IGA,Regular,Non Paid,1,Angry,Bored,No feeling,Yes,No,Yes
18,Bachelor Level,Male,3.86,3.98,16,Mobile,10:30:00 AM,No,4,FREE FIRE,Not regular,Non Paid,1,Upset,Excited,No feeling,No,Yes,No
19,Bachelor Level,Male,3.78,3.63,18,PC,11:30:00 AM,No,3,CALL OF DUTY,Not regular,Paid,1,Upset,Excited,Stressed,Yes,Yes,No
19,Bachelor Level,Female,2.76,3.83,20,Mobile,2:02:00 AM,Yes,5,IGA,Regular,Paid,1,Upset,Bored,Excited to complete level,No,No,No
25,Master's Level,Female,3.71,3.8,20,Mobile,1:01:00 AM,No,5,PES,Not regular,Non Paid,4,Upset,Excited,Excited to complete level,Yes,Yes,Yes
19,Bachelor Level,Female,3.01,3.87,22,PC,2:02:00 AM,Yes,1,PUBG,Not regular,Paid,2,Upset,Excited,Excited to complete level,Yes,Yes,No
20,Bachelor Level,Male,2.58,4.05,19,PC,11:30:00 AM,No,1,CALL OF DUTY,Regular,Non Paid,3,Angry,Excited,Stressed,Yes,No,No
26,Master's Level,Female,2.68,4.28,19,Mobile,11:30:00 AM,Yes,3,IGA,Not regular,Non Paid,3,Depressed,Excited,No feeling,Yes,No,Yes
26,Master's Level,Female,2.75,3.11,17,Mobile,10:30:00 AM,No,2,PUBG,Regular,Paid,2,Positive,Bored,Stressed,No,Yes,No
24,Master's Level,Female,3.27,4.29,17,PC,1:30:00 AM,Yes,3,CALL OF DUTY,Regular,Paid,2,Angry,Excited,Stressed,No,No,Yes
20,Bachelor Level,Male,3.46,4.95,22,PC,12:12:00 PM,Yes,4,PUBG,Regular,Non Paid,4,Depressed,Bored,Excited to complete level,No,No,No
18,Bachelor Level,Female,3.72,3.58,21,PC,11:30:00 AM,Yes,4,PUBG,Regular,Non Paid,2,Upset,Bored,No feeling,No,Yes,No
19,Bachelor Level,Female,2.77,4.14,22,Mobile,10:30:00 AM,No,6,FREE FIRE,Regular,Non Paid,2,Angry,Excited,No feeling,Yes,Yes,Yes
22,Bachelor Level,Female,3.27,4.33,17,PC,10:30:00 AM,No,1,PES,Not regular,Paid,4,Upset,Bored,No feeling,No,Yes,No
20,Bachelor Level,Male,3.12,4.11,18,Mobile,11:30:00 AM,Yes,1,PUBG,Regular,Paid,4,Angry,Excited,No feeling,Yes,Yes,No
24,Master's Level,Female,3.85,4.95,18,Mobile,2:30:00 AM,No,5,FIFA,Not regular,Paid,2,Positive,Bored,No feeling,Yes,No,Yes
20,Bachelor Level,Male,2.62,3.69,16,PC,1:30:00 AM,No,2,PES,Not regular,Paid,1,Depressed,Bored,No feeling,Yes,No,Yes
26,Master's Level,Female,3.87,3.69,18,PC,2:30:00 AM,No,4,FIFA,Regular,Non Paid,2,Angry,Bored,Stressed,Yes,Yes,Yes
24,Master's Level,Female,3.67,4.02,22,Mobile,2:30:00 AM,Yes,1,FIFA,Not regular,Paid,3,Positive,Bored,Stressed,No,No,Yes
19,Bachelor Level,Male,3,3.61,19,PC,12:30:00 PM,No,3,FREE FIRE,Regular,Paid,4,Positive,Bored,Stressed,Yes,No,Yes
20,Bachelor Level,Female,3.71,4.72,16,Mobile,2:30:00 AM,Yes,4,PUBG,Regular,Paid,2,Positive,Excited,Excited to complete level,No,Yes,No
23,Bachelor Level,Male,3.29,5,19,Mobile,1:30:00 AM,No,4,IGA,Not regular,Paid,2,Upset,Bored,Excited to complete level,Yes,No,Yes
25,Master's Level,Male,3.69,5,17,Mobile,1:01:00 AM,Yes,3,PUBG,Regular,Non Paid,4,Angry,Excited,Excited to complete level,Yes,No,Yes
24,Master's Level,Female,2.63,3.07,22,Mobile,12:30:00 PM,Yes,1,FREE FIRE,Regular,Paid,3,Upset,Excited,Excited to complete level,Yes,Yes,Yes
23,Bachelor Level,Female,3.74,4.57,19,PC,12:12:00 PM,No,1,CALL OF DUTY,Regular,Paid,2,Positive,Bored,Excited to complete level,Yes,No,Yes
20,Bachelor Level,Female,3.2,3.24,21,PC,1:01:00 AM,No,5,PUBG,Not regular,Non Paid,1,Depressed,Bored,Stressed,No,Yes,No
24,Master's Level,Male,2.72,4.41,19,Mobile,1:01:00 AM,No,4,PES,Regular,Paid,2,Upset,Excited,No feeling,Yes,Yes,Yes
21,Bachelor Level,Female,3.55,5,20,Mobile,10:30:00 AM,Yes,1,PES,Not regular,Paid,4,Angry,Excited,Excited to complete level,Yes,Yes,No
22,Bachelor Level,Male,3.83,3.36,19,PC,11:30:00 AM,Yes,6,PES,Regular,Paid,4,Upset,Excited,Stressed,No,No,No
24,Master's Level,Male,3.97,5,21,PC,10:30:00 AM,No,3,PUBG,Not regular,Paid,3,Upset,Excited,Excited to complete level,No,No,No
